09-Jun-2016,,,,,,,,,,,
iShares Core S&P 500 ETF,,,,,,,,,,,
Inception Date,15-May-00,,,,,,,,,,
Fund Holdings as of,09-Jun-16,,,,,,,,,,
Total Net Assets,"$73,983,668,859",,,,,,,,,,
Number of Securities,509,,,,,,,,,,
Shares Outstanding,"347,150,000",,,,,,,,,,
,,,,,,,,,,,
Ticker,Name,Asset Class,Weight (%),Price,Shares,Market Value,Notional Value,Sector,SEDOL,ISIN,Exchange
AAPL,APPLE INC,Equity,2.99,99.65,"22,200,488.00","2,212,278,629.20","2,212,278,629.20",Information Technology,"2,046,251.00",US0378331005,NASDAQ
MSFT,MICROSOFT CORP,Equity,2.21,51.62,"31,668,761.00","1,634,741,442.82","1,634,741,442.82",Information Technology,"2,588,173.00",US5949181045,NASDAQ
XOM,EXXON MOBIL CORP,Equity,2.04,90.67,"16,627,590.00","1,507,623,585.30","1,507,623,585.30",Energy,"2,326,618.00",US30231G1022,New York Stock Exchange Inc.
JNJ,JOHNSON & JOHNSON,Equity,1.75,117.00,"11,048,421.00","1,292,665,257.00","1,292,665,257.00",Health Care,"2,475,833.00",US4781601046,New York Stock Exchange Inc.
GE,GENERAL ELECTRIC,Equity,1.53,30.24,"37,359,574.00","1,129,753,517.76","1,129,753,517.76",Industrials,"2,380,498.00",US3696041033,New York Stock Exchange Inc.
AMZN,AMAZON COM INC,Equity,1.52,727.65,"1,545,907.00","1,124,879,228.55","1,124,879,228.55",Consumer Discretionary,"2,000,019.00",US0231351067,NASDAQ
FB,FACEBOOK CLASS A INC,Equity,1.47,118.56,"9,188,883.00","1,089,433,968.48","1,089,433,968.48",Information Technology,B7TL820,US30303M1027,NASDAQ
BRKB,BERKSHIRE HATHAWAY INC CLASS B,Equity,1.44,142.23,"7,501,641.00","1,066,958,399.43","1,066,958,399.43",Financials,"2,073,390.00",US0846707026,New York Stock Exchange Inc.
T,AT&T INC,Equity,1.33,40.09,"24,629,285.00","987,388,035.65","987,388,035.65",Telecommunications,"2,831,811.00",US00206R1023,New York Stock Exchange Inc.
JPM,JPMORGAN CHASE & CO,Equity,1.29,64.75,"14,695,664.00","951,544,244.00","951,544,244.00",Financials,"2,190,385.00",US46625H1005,New York Stock Exchange Inc.
WFC,WELLS FARGO,Equity,1.23,49.14,"18,497,594.00","908,971,769.16","908,971,769.16",Financials,"2,649,100.00",US9497461015,New York Stock Exchange Inc.
PG,PROCTER & GAMBLE,Equity,1.19,83.17,"10,620,810.00","883,332,767.70","883,332,767.70",Consumer Staples,"2,704,407.00",US7427181091,New York Stock Exchange Inc.
GOOGL,ALPHABET INC CLASS A,Equity,1.18,742.52,"1,171,494.00","869,857,724.88","869,857,724.88",Information Technology,BYVY8G0,US02079K3059,NASDAQ
GOOG,ALPHABET INC CLASS C,Equity,1.17,728.58,"1,189,826.00","866,883,427.08","866,883,427.08",Information Technology,BYY88Y7,US02079K1079,NASDAQ
PFE,PFIZER INC,Equity,1.16,35.31,"24,216,585.00","855,087,616.35","855,087,616.35",Health Care,"2,684,703.00",US7170811035,New York Stock Exchange Inc.
VZ,VERIZON COMMUNICATIONS INC,Equity,1.15,51.95,"16,311,533.00","847,384,139.35","847,384,139.35",Telecommunications,"2,090,571.00",US92343V1044,New York Stock Exchange Inc.
CVX,CHEVRON CORP,Equity,1.05,102.81,"7,540,097.00","775,197,372.57","775,197,372.57",Energy,"2,838,555.00",US1667641005,New York Stock Exchange Inc.
KO,COCA-COLA,Equity,0.96,45.76,"15,601,638.00","713,930,954.88","713,930,954.88",Consumer Staples,"2,206,657.00",US1912161007,New York Stock Exchange Inc.
HD,HOME DEPOT INC,Equity,0.89,129.30,"5,076,544.00","656,397,139.20","656,397,139.20",Consumer Discretionary,"2,434,209.00",US4370761029,New York Stock Exchange Inc.
MRK,MERCK & CO INC,Equity,0.86,57.18,"11,112,014.00","635,384,960.52","635,384,960.52",Health Care,"2,778,844.00",US58933Y1055,New York Stock Exchange Inc.
PM,PHILIP MORRIS INTERNATIONAL INC,Equity,0.85,101.78,"6,203,510.00","631,393,247.80","631,393,247.80",Consumer Staples,B2PKRQ3,US7181721090,New York Stock Exchange Inc.
V,VISA INC CLASS A,Equity,0.84,81.26,"7,684,127.00","624,412,160.02","624,412,160.02",Information Technology,B2PZN04,US92826C8394,New York Stock Exchange Inc.
CMCSA,COMCAST A CORP,Equity,0.83,62.93,"9,741,447.00","613,029,259.71","613,029,259.71",Consumer Discretionary,"2,044,545.00",US20030N1019,NASDAQ
INTC,INTEL CORPORATION CORP,Equity,0.82,31.94,"18,914,688.00","604,135,134.72","604,135,134.72",Information Technology,"2,463,247.00",US4581401001,NASDAQ
PEP,PEPSICO INC,Equity,0.81,103.66,"5,787,382.00","599,920,018.12","599,920,018.12",Consumer Staples,"2,681,511.00",US7134481081,New York Stock Exchange Inc.
DIS,WALT DISNEY,Equity,0.79,97.84,"6,010,126.00","588,030,727.84","588,030,727.84",Consumer Discretionary,"2,270,726.00",US2546871060,New York Stock Exchange Inc.
CSCO,CISCO SYSTEMS INC,Equity,0.79,29.14,"20,148,392.00","587,124,142.88","587,124,142.88",Information Technology,"2,198,163.00",US17275R1023,NASDAQ
BAC,BANK OF AMERICA CORP,Equity,0.79,14.19,"41,343,407.00","586,662,945.33","586,662,945.33",Financials,"2,295,677.00",US0605051046,New York Stock Exchange Inc.
IBM,INTERNATIONAL BUSINESS MACHINES CO,Equity,0.73,153.42,"3,539,541.00","543,036,380.22","543,036,380.22",Information Technology,"2,005,973.00",US4592001014,New York Stock Exchange Inc.
UNH,UNITEDHEALTH GROUP INC,Equity,0.72,140.68,"3,806,445.00","535,490,682.60","535,490,682.60",Health Care,"2,917,766.00",US91324P1021,New York Stock Exchange Inc.
C,CITIGROUP INC,Equity,0.72,45.01,"11,804,132.00","531,303,981.32","531,303,981.32",Financials,"2,297,907.00",US1729674242,New York Stock Exchange Inc.
MO,ALTRIA GROUP INC,Equity,0.70,65.86,"7,839,456.00","516,306,572.16","516,306,572.16",Consumer Staples,"2,692,632.00",US02209S1033,New York Stock Exchange Inc.
ORCL,ORACLE CORP,Equity,0.67,39.05,"12,616,099.00","492,658,665.95","492,658,665.95",Information Technology,"2,661,568.00",US68389X1054,New York Stock Exchange Inc.
BMY,BRISTOL MYERS SQUIBB,Equity,0.66,72.73,"6,684,428.00","486,158,448.44","486,158,448.44",Health Care,"2,126,335.00",US1101221083,New York Stock Exchange Inc.
MDT,MEDTRONIC PLC,Equity,0.65,85.78,"5,630,169.00","482,955,896.82","482,955,896.82",Health Care,BTN1Y11,IE00BTN1Y115,New York Stock Exchange Inc.
AMGN,AMGEN INC,Equity,0.64,156.78,"3,011,338.00","472,117,571.64","472,117,571.64",Health Care,"2,023,607.00",US0311621009,NASDAQ
GILD,GILEAD SCIENCES INC,Equity,0.63,85.77,"5,472,770.00","469,399,482.90","469,399,482.90",Health Care,"2,369,174.00",US3755581036,NASDAQ
WMT,WALMART STORES INC,Equity,0.60,71.09,"6,281,897.00","446,580,057.73","446,580,057.73",Consumer Staples,"2,936,921.00",US9311421039,New York Stock Exchange Inc.
SLB,SCHLUMBERGER NV,Equity,0.60,79.96,"5,567,125.00","445,147,315.00","445,147,315.00",Energy,"2,779,201.00",AN8068571086,New York Stock Exchange Inc.
MCD,MCDONALDS CORP,Equity,0.60,122.79,"3,609,985.00","443,270,058.15","443,270,058.15",Consumer Discretionary,"2,550,707.00",US5801351017,New York Stock Exchange Inc.
CVS,CVS HEALTH CORP,Equity,0.58,96.99,"4,398,277.00","426,588,886.23","426,588,886.23",Consumer Staples,"2,577,609.00",US1266501006,New York Stock Exchange Inc.
MMM,3M CO,Equity,0.56,170.13,"2,422,535.00","412,145,879.55","412,145,879.55",Industrials,"2,595,708.00",US88579Y1010,New York Stock Exchange Inc.
ABBV,ABBVIE INC,Equity,0.53,60.75,"6,451,286.00","391,915,624.50","391,915,624.50",Health Care,B92SR70,US00287Y1091,New York Stock Exchange Inc.
AGN,ALLERGAN,Equity,0.53,247.40,"1,580,309.00","390,968,446.60","390,968,446.60",Health Care,BY9D546,IE00BY9D5467,New York Stock Exchange Inc.
MA,MASTERCARD INC CLASS A,Equity,0.51,97.02,"3,925,976.00","380,898,191.52","380,898,191.52",Information Technology,B121557,US57636Q1040,New York Stock Exchange Inc.
HON,HONEYWELL INTERNATIONAL INC,Equity,0.49,117.21,"3,080,318.00","361,044,072.78","361,044,072.78",Industrials,"2,020,459.00",US4385161066,New York Stock Exchange Inc.
CELG,CELGENE CORP,Equity,0.45,106.13,"3,129,728.00","332,158,032.64","332,158,032.64",Health Care,"2,182,348.00",US1510201049,NASDAQ
BA,BOEING,Equity,0.45,133.10,"2,493,449.00","331,878,061.90","331,878,061.90",Industrials,"2,108,601.00",US0970231058,New York Stock Exchange Inc.
QCOM,QUALCOMM INC,Equity,0.44,54.98,"5,985,400.00","329,077,292.00","329,077,292.00",Information Technology,"2,714,923.00",US7475251036,NASDAQ
SBUX,STARBUCKS CORP,Equity,0.44,55.58,"5,918,178.00","328,932,333.24","328,932,333.24",Consumer Discretionary,"2,842,255.00",US8552441094,NASDAQ
UTX,UNITED TECHNOLOGIES CORP,Equity,0.43,102.32,"3,114,580.00","318,683,825.60","318,683,825.60",Industrials,"2,915,500.00",US9130171096,New York Stock Exchange Inc.
UNP,UNION PACIFIC CORP,Equity,0.41,89.39,"3,388,957.00","302,938,866.23","302,938,866.23",Industrials,"2,914,734.00",US9078181081,New York Stock Exchange Inc.
ACN,ACCENTURE PLC,Equity,0.41,119.44,"2,514,107.00","300,284,940.08","300,284,940.08",Information Technology,B4BNMY3,IE00B4BNMY34,New York Stock Exchange Inc.
NKE,NIKE INC CLASS B,Equity,0.40,54.94,"5,404,851.00","296,942,513.94","296,942,513.94",Consumer Discretionary,"2,640,147.00",US6541061031,New York Stock Exchange Inc.
UPS,UNITED PARCEL SERVICE INC CLASS B,Equity,0.39,104.97,"2,763,417.00","290,075,882.49","290,075,882.49",Industrials,"2,517,382.00",US9113121068,New York Stock Exchange Inc.
LLY,ELI LILLY,Equity,0.39,74.43,"3,897,241.00","290,071,647.63","290,071,647.63",Health Care,"2,516,152.00",US5324571083,New York Stock Exchange Inc.
LOW,LOWES COMPANIES INC,Equity,0.39,78.67,"3,664,001.00","288,246,958.67","288,246,958.67",Consumer Discretionary,"2,536,763.00",US5486611073,New York Stock Exchange Inc.
MDLZ,MONDELEZ INTERNATIONAL INC CLASS A,Equity,0.38,45.22,"6,281,559.00","284,052,097.98","284,052,097.98",Consumer Staples,B8CKK03,US6092071058,NASDAQ
USB,US BANCORP,Equity,0.38,42.54,"6,538,684.00","278,155,617.36","278,155,617.36",Financials,"2,736,035.00",US9029733048,New York Stock Exchange Inc.
WBA,WALGREEN BOOTS ALLIANCE,Equity,0.37,79.01,"3,455,361.00","273,008,072.61","273,008,072.61",Consumer Staples,BTN1Y44,US9314271084,NASDAQ
COST,COSTCO WHOLESALE CORP,Equity,0.37,154.05,"1,760,831.00","271,256,015.55","271,256,015.55",Consumer Staples,"2,701,271.00",US22160K1051,NASDAQ
PCLN,PRICELINE GROUP INC/THE,Equity,0.36,"1,340.07","198,671.00","266,233,046.97","266,233,046.97",Consumer Discretionary,"2,779,063.00",US7415034039,NASDAQ
CL,COLGATE-PALMOLIVE,Equity,0.35,72.34,"3,574,433.00","258,574,483.22","258,574,483.22",Consumer Staples,"2,209,106.00",US1941621039,New York Stock Exchange Inc.
AIG,AMERICAN INTERNATIONAL GROUP INC,Equity,0.35,56.10,"4,602,272.00","258,187,459.20","258,187,459.20",Financials,"2,027,342.00",US0268747849,New York Stock Exchange Inc.
LMT,LOCKHEED MARTIN CORP,Equity,0.34,240.67,"1,051,909.00","253,162,939.03","253,162,939.03",Industrials,"2,522,096.00",US5398301094,New York Stock Exchange Inc.
TXN,TEXAS INSTRUMENTS INCORPORATED,Equity,0.34,62.14,"4,024,945.00","250,110,082.30","250,110,082.30",Information Technology,"2,885,409.00",US8825081040,NASDAQ
SPG,SIMON PROPERTY GROUP REIT INC,Equity,0.34,201.65,"1,238,844.00","249,812,892.60","249,812,892.60",Financials,"2,812,452.00",US8288061091,New York Stock Exchange Inc.
TMO,THERMO FISHER SCIENTIFIC INC,Equity,0.33,154.15,"1,586,599.00","244,574,235.85","244,574,235.85",Health Care,"2,886,907.00",US8835561023,New York Stock Exchange Inc.
AVGO,BROADCOM LTD,Equity,0.33,164.14,"1,484,643.00","243,689,302.02","243,689,302.02",Information Technology,BD9WQP4,SG9999014823,NASDAQ
GS,GOLDMAN SACHS GROUP INC,Equity,0.33,153.17,"1,572,681.00","240,887,548.77","240,887,548.77",Financials,"2,407,966.00",US38141G1040,New York Stock Exchange Inc.
DHR,DANAHER CORP,Equity,0.32,100.39,"2,393,626.00","240,296,114.14","240,296,114.14",Industrials,"2,250,870.00",US2358511028,New York Stock Exchange Inc.
DOW,DOW CHEMICAL,Equity,0.32,53.59,"4,472,775.00","239,696,012.25","239,696,012.25",Materials,"2,278,719.00",US2605431038,New York Stock Exchange Inc.
TWX,TIME WARNER INC,Equity,0.32,75.01,"3,163,693.00","237,308,611.93","237,308,611.93",Consumer Discretionary,B63QTN2,US8873173038,New York Stock Exchange Inc.
DD,E I DU PONT DE NEMOURS,Equity,0.32,67.90,"3,490,112.00","236,978,604.80","236,978,604.80",Materials,"2,018,175.00",US2635341090,New York Stock Exchange Inc.
CB,CHUBB LTD,Equity,0.32,126.50,"1,845,178.00","233,415,017.00","233,415,017.00",Financials,B3BQMF6,CH0044328745,New York Stock Exchange Inc.
OXY,OCCIDENTAL PETROLEUM CORP,Equity,0.31,75.60,"3,058,330.00","231,209,748.00","231,209,748.00",Energy,"2,655,408.00",US6745991058,New York Stock Exchange Inc.
COP,CONOCOPHILLIPS,Equity,0.31,46.57,"4,949,599.00","230,502,825.43","230,502,825.43",Energy,"2,685,717.00",US20825C1045,New York Stock Exchange Inc.
ABT,ABBOTT LABORATORIES,Equity,0.31,38.87,"5,898,692.00","229,282,158.04","229,282,158.04",Health Care,"2,002,305.00",US0028241000,New York Stock Exchange Inc.
NEE,NEXTERA ENERGY INC,Equity,0.31,123.98,"1,844,193.00","228,643,048.14","228,643,048.14",Utilities,"2,328,915.00",US65339F1012,New York Stock Exchange Inc.
DUK,DUKE ENERGY CORP,Equity,0.30,81.26,"2,756,185.00","223,967,593.10","223,967,593.10",Utilities,B7VD3F2,US26441C2044,New York Stock Exchange Inc.
BIIB,BIOGEN INC,Equity,0.30,250.46,"875,540.00","219,287,748.40","219,287,748.40",Health Care,"2,455,965.00",US09062X1037,NASDAQ
EMC,EMC CORP,Equity,0.29,27.87,"7,795,727.00","217,266,911.49","217,266,911.49",Information Technology,"2,295,172.00",US2686481027,New York Stock Exchange Inc.
AXP,AMERICAN EXPRESS,Equity,0.29,65.71,"3,280,934.00","215,590,173.14","215,590,173.14",Financials,"2,026,082.00",US0258161092,New York Stock Exchange Inc.
CRM,SALESFORCE.COM INC,Equity,0.28,82.73,"2,525,030.00","208,895,731.90","208,895,731.90",Information Technology,"2,310,525.00",US79466L3024,New York Stock Exchange Inc.
TJX,TJX INC,Equity,0.28,77.31,"2,680,699.00","207,244,839.69","207,244,839.69",Consumer Discretionary,"2,989,301.00",US8725401090,New York Stock Exchange Inc.
F,F MOTOR,Equity,0.28,13.26,"15,609,690.00","206,984,489.40","206,984,489.40",Consumer Discretionary,"2,615,468.00",US3453708600,New York Stock Exchange Inc.
KHC,KRAFT HEINZ,Equity,0.28,85.62,"2,380,670.00","203,832,965.40","203,832,965.40",Consumer Staples,BYRY499,US5007541064,NASDAQ
ADBE,ADOBE SYSTEM INC,Equity,0.26,98.07,"1,995,234.00","195,672,598.38","195,672,598.38",Information Technology,"2,008,154.00",US00724F1012,NASDAQ
ESRX,EXPRESS SCRIPTS HOLDING CO,Equity,0.26,76.93,"2,533,651.00","194,913,771.43","194,913,771.43",Health Care,B7QQYV9,US30219G1085,NASDAQ
MON,MONSANTO,Equity,0.26,109.99,"1,763,119.00","193,925,458.81","193,925,458.81",Materials,"2,654,320.00",US61166W1018,New York Stock Exchange Inc.
MET,METLIFE INC,Equity,0.26,43.78,"4,390,889.00","192,233,120.42","192,233,120.42",Financials,"2,573,209.00",US59156R1086,New York Stock Exchange Inc.
KMB,KIMBERLY CLARK CORP,Equity,0.26,130.69,"1,444,985.00","188,845,089.65","188,845,089.65",Consumer Staples,"2,491,839.00",US4943681035,New York Stock Exchange Inc.
EOG,EOG RESOURCES INC,Equity,0.25,84.58,"2,201,641.00","186,214,795.78","186,214,795.78",Energy,"2,318,024.00",US26875P1012,New York Stock Exchange Inc.
SO,SOUTHERN,Equity,0.25,50.86,"3,654,885.00","185,887,451.10","185,887,451.10",Utilities,"2,829,601.00",US8425871071,New York Stock Exchange Inc.
AMT,AMERICAN TOWER REIT CORP,Equity,0.25,109.07,"1,697,209.00","185,114,585.63","185,114,585.63",Financials,B7FBFL2,US03027X1000,New York Stock Exchange Inc.
BLK,BLACKROCK INC.,Equity,0.24,357.96,"505,432.00","180,924,438.72","180,924,438.72",Financials,"2,494,504.00",US09247X1019,New York Stock Exchange Inc.
CAT,CATERPILLAR INC,Equity,0.24,77.16,"2,331,523.00","179,900,314.68","179,900,314.68",Industrials,"2,180,201.00",US1491231015,New York Stock Exchange Inc.
BK,BANK OF NEW YORK MELLON CORP,Equity,0.24,41.65,"4,307,329.00","179,400,252.85","179,400,252.85",Financials,B1Z77F6,US0640581007,New York Stock Exchange Inc.
PNC,PNC FINANCIAL SERVICES GROUP INC,Equity,0.24,88.33,"2,006,346.00","177,220,542.18","177,220,542.18",Financials,"2,692,665.00",US6934751057,New York Stock Exchange Inc.
D,DOMINION RESOURCES INC,Equity,0.24,73.74,"2,387,963.00","176,088,391.62","176,088,391.62",Utilities,"2,542,049.00",US25746U1097,New York Stock Exchange Inc.
MCK,MCKESSON CORP,Equity,0.23,186.88,"915,228.00","171,037,808.64","171,037,808.64",Health Care,"2,378,534.00",US58155Q1031,New York Stock Exchange Inc.
AET,AETNA INC,Equity,0.23,121.27,"1,399,746.00","169,747,197.42","169,747,197.42",Health Care,"2,695,921.00",US00817Y1082,New York Stock Exchange Inc.
RAI,REYNOLDS AMERICAN INC,Equity,0.23,51.06,"3,314,587.00","169,242,812.22","169,242,812.22",Consumer Staples,"2,429,090.00",US7617131062,New York Stock Exchange Inc.
FDX,FEDEX CORP,Equity,0.23,164.11,"1,026,274.00","168,421,826.14","168,421,826.14",Industrials,"2,142,784.00",US31428X1063,New York Stock Exchange Inc.
NFLX,NETFLIX INC,Equity,0.22,97.09,"1,713,965.00","166,408,861.85","166,408,861.85",Consumer Discretionary,"2,857,817.00",US64110L1061,NASDAQ
GD,GENERAL DYNAMICS CORP,Equity,0.22,141.98,"1,171,097.00","166,272,352.06","166,272,352.06",Industrials,"2,365,161.00",US3695501086,New York Stock Exchange Inc.
PYPL,PAYPAL HOLDINGS INC,Equity,0.22,37.13,"4,454,813.00","165,407,206.69","165,407,206.69",Information Technology,BYW36M8,US70450Y1038,NASDAQ
GM,GENERAL MOTORS,Equity,0.22,29.36,"5,627,351.00","165,219,025.36","165,219,025.36",Consumer Discretionary,B665KZ5,US37045V1008,New York Stock Exchange Inc.
RTN,RAYTHEON,Equity,0.22,136.61,"1,197,123.00","163,538,973.03","163,538,973.03",Industrials,"2,758,051.00",US7551115071,New York Stock Exchange Inc.
TGT,TARGET CORP,Equity,0.22,67.69,"2,411,205.00","163,214,466.45","163,214,466.45",Consumer Discretionary,"2,259,101.00",US87612E1064,New York Stock Exchange Inc.
ADP,AUTOMATIC DATA PROCESSING INC,Equity,0.22,87.63,"1,831,557.00","160,499,339.91","160,499,339.91",Information Technology,"2,065,308.00",US0530151036,NASDAQ
MS,MORGAN STANLEY,Equity,0.22,26.08,"6,116,586.00","159,520,562.88","159,520,562.88",Financials,"2,262,314.00",US6174464486,New York Stock Exchange Inc.
NOC,NORTHROP GRUMMAN CORP,Equity,0.21,218.58,"724,454.00","158,351,155.32","158,351,155.32",Industrials,"2,648,806.00",US6668071029,New York Stock Exchange Inc.
HAL,HALLIBURTON,Equity,0.21,45.50,"3,436,631.00","156,366,710.50","156,366,710.50",Energy,"2,405,302.00",US4062161017,New York Stock Exchange Inc.
GIS,GENERAL MILLS INC,Equity,0.21,65.34,"2,375,636.00","155,224,056.24","155,224,056.24",Consumer Staples,"2,367,026.00",US3703341046,New York Stock Exchange Inc.
PSX,PHILLIPS 66,Equity,0.21,81.13,"1,879,553.00","152,488,134.89","152,488,134.89",Energy,B78C4Y8,US7185461040,New York Stock Exchange Inc.
COF,CAPITAL ONE FINANCIAL CORP,Equity,0.20,70.87,"2,111,528.00","149,643,989.36","149,643,989.36",Financials,"2,654,461.00",US14040H1059,New York Stock Exchange Inc.
CTSH,COGNIZANT TECHNOLOGY SOLUTIONS COR,Equity,0.20,60.99,"2,438,793.00","148,741,985.07","148,741,985.07",Information Technology,"2,257,019.00",US1924461023,NASDAQ
USD,USD CASH,Cash,0.20,100.00,"147,163,110.00","147,163,110.07","147,163,110.07",Cash and/or Derivatives,--,--,--
PSA,PUBLIC STORAGE REIT,Equity,0.20,245.43,"589,678.00","144,724,671.54","144,724,671.54",Financials,"2,852,533.00",US74460D1090,New York Stock Exchange Inc.
SYK,STRYKER CORP,Equity,0.20,115.33,"1,254,416.00","144,671,797.28","144,671,797.28",Health Care,"2,853,688.00",US8636671013,New York Stock Exchange Inc.
BDX,BECTON DICKINSON,Equity,0.20,170.23,"848,069.00","144,366,785.87","144,366,785.87",Health Care,"2,087,807.00",US0758871091,New York Stock Exchange Inc.
KR,KROGER,Equity,0.19,36.58,"3,902,590.00","142,756,742.20","142,756,742.20",Consumer Staples,"2,497,406.00",US5010441013,New York Stock Exchange Inc.
ITW,ILLINOIS TOOL INC,Equity,0.19,108.80,"1,310,808.00","142,615,910.40","142,615,910.40",Industrials,"2,457,552.00",US4523081093,New York Stock Exchange Inc.
BLKFDS,BLK CSH FND TREASURY SL AGENCY,Money Market,0.19,1.00,"140,069,358.00","140,069,357.53","140,069,357.53",Cash and/or Derivatives,--,US0669224778,--
SCHW,CHARLES SCHWAB CORP,Equity,0.19,29.09,"4,811,277.00","139,960,047.93","139,960,047.93",Financials,"2,779,397.00",US8085131055,New York Stock Exchange Inc.
ANTM,ANTHEM INC,Equity,0.19,133.75,"1,046,406.00","139,956,802.50","139,956,802.50",Health Care,BSPHGL4,US0367521038,New York Stock Exchange Inc.
MMC,MARSH & MCLENNAN INC,Equity,0.19,66.63,"2,086,894.00","139,049,747.22","139,049,747.22",Financials,"2,567,741.00",US5717481023,New York Stock Exchange Inc.
EMR,EMERSON ELECTRIC,Equity,0.19,53.59,"2,574,901.00","137,988,944.59","137,988,944.59",Industrials,"2,313,405.00",US2910111044,New York Stock Exchange Inc.
YUM,YUM BRANDS INC,Equity,0.19,83.73,"1,636,403.00","137,016,023.19","137,016,023.19",Consumer Discretionary,"2,098,876.00",US9884981013,New York Stock Exchange Inc.
TRV,TRAVELERS COMPANIES INC,Equity,0.18,114.22,"1,181,023.00","134,896,447.06","134,896,447.06",Financials,"2,769,503.00",US89417E1091,New York Stock Exchange Inc.
HPE,HEWLETT PACKARD ENTERPRISE,Equity,0.18,19.55,"6,872,728.00","134,361,832.40","134,361,832.40",Information Technology,BYVYWS0,US42824C1099,New York Stock Exchange Inc.
PRU,PRUDENTIAL FINANCIAL INC,Equity,0.18,75.15,"1,785,688.00","134,194,453.20","134,194,453.20",Financials,"2,819,118.00",US7443201022,New York Stock Exchange Inc.
KMI,KINDER MORGAN INC,Equity,0.18,18.08,"7,326,414.00","132,461,565.12","132,461,565.12",Energy,B3NQ4P8,US49456B1017,New York Stock Exchange Inc.
CI,CIGNA CORP,Equity,0.18,129.25,"1,024,019.00","132,354,455.75","132,354,455.75",Health Care,"2,196,479.00",US1255091092,New York Stock Exchange Inc.
DAL,DELTA AIR LINES INC,Equity,0.18,42.40,"3,116,989.00","132,160,333.60","132,160,333.60",Industrials,B1W9D46,US2473617023,New York Stock Exchange Inc.
AEP,AMERICAN ELECTRIC POWER INC,Equity,0.18,66.96,"1,966,061.00","131,647,444.56","131,647,444.56",Utilities,"2,026,242.00",US0255371017,New York Stock Exchange Inc.
FOXA,TWENTY FIRST CENTURY FOX INC CLASS,Equity,0.18,29.32,"4,482,030.00","131,413,119.60","131,413,119.60",Consumer Discretionary,BBM4S68,US90130A1016,NASDAQ
YHOO,YAHOO! INC,Equity,0.18,37.35,"3,487,547.00","130,259,880.45","130,259,880.45",Information Technology,"2,986,539.00",US9843321061,NASDAQ
EXC,EXELON CORP,Equity,0.17,35.14,"3,683,157.00","129,426,136.98","129,426,136.98",Utilities,"2,670,519.00",US30161N1019,New York Stock Exchange Inc.
PX,PRAXAIR INC,Equity,0.17,113.44,"1,140,412.00","129,368,337.28","129,368,337.28",Materials,"2,699,291.00",US74005P1049,New York Stock Exchange Inc.
ECL,ECOLAB INC,Equity,0.17,120.79,"1,066,621.00","128,837,150.59","128,837,150.59",Materials,"2,304,227.00",US2788651006,New York Stock Exchange Inc.
CME,CME GROUP INC CLASS A,Equity,0.17,95.03,"1,354,928.00","128,758,807.84","128,758,807.84",Financials,"2,965,839.00",US12572Q1058,NASDAQ
CCI,CROWN CASTLE INTERNATIONAL REIT CO,Equity,0.17,94.42,"1,336,328.00","126,176,089.76","126,176,089.76",Financials,BTGQCX1,US22822V1017,New York Stock Exchange Inc.
BSX,BOSTON SCIENTIFIC CORP,Equity,0.17,23.32,"5,398,468.00","125,892,273.76","125,892,273.76",Health Care,"2,113,434.00",US1011371077,New York Stock Exchange Inc.
ICE,INTERCONTINENTAL EXCHANGE INC,Equity,0.17,262.52,"476,012.00","124,962,670.24","124,962,670.24",Financials,BFSSDS9,US45866F1049,New York Stock Exchange Inc.
ALXN,ALEXION PHARMACEUTICALS INC,Equity,0.17,138.24,"902,020.00","124,695,244.80","124,695,244.80",Health Care,"2,036,070.00",US0153511094,NASDAQ
PCG,PG&E CORP,Equity,0.17,62.98,"1,973,166.00","124,269,994.68","124,269,994.68",Utilities,"2,689,560.00",US69331C1080,New York Stock Exchange Inc.
REGN,REGENERON PHARMACEUTICALS INC,Equity,0.16,381.08,"312,609.00","119,129,037.72","119,129,037.72",Health Care,"2,730,190.00",US75886F1075,NASDAQ
AON,AON PLC,Equity,0.16,109.86,"1,081,348.00","118,796,891.28","118,796,891.28",Financials,B5BT0K0,GB00B5BT0K07,New York Stock Exchange Inc.
PPG,PPG INDUSTRIES INC,Equity,0.16,110.43,"1,068,068.00","117,946,749.24","117,946,749.24",Materials,"2,698,470.00",US6935061076,New York Stock Exchange Inc.
BBT,BB AND T CORP,Equity,0.16,36.18,"3,250,797.00","117,613,835.46","117,613,835.46",Financials,"2,830,904.00",US0549371070,New York Stock Exchange Inc.
AFL,AFLAC INC,Equity,0.16,69.70,"1,681,575.00","117,205,777.50","117,205,777.50",Financials,"2,026,361.00",US0010551028,New York Stock Exchange Inc.
SPGI,S&P GLOBAL INC,Equity,0.16,110.04,"1,062,196.00","116,884,047.84","116,884,047.84",Financials,BYV2325,US78409V1044,New York Stock Exchange Inc.
JCI,JOHNSON CONTROLS INC,Equity,0.16,44.89,"2,595,375.00","116,506,383.75","116,506,383.75",Consumer Discretionary,"2,476,803.00",US4783661071,New York Stock Exchange Inc.
ETN,EATON CORPORATION PLC,Equity,0.16,62.77,"1,837,327.00","115,329,015.79","115,329,015.79",Industrials,B8KQN82,IE00B8KQN827,New York Stock Exchange Inc.
APD,AIR PRODUCTS AND CHEMICALS INC,Equity,0.15,146.60,"777,068.00","113,918,168.80","113,918,168.80",Materials,"2,011,602.00",US0091581068,New York Stock Exchange Inc.
LUV,SOUTHWEST AIRLINES,Equity,0.15,44.19,"2,554,662.00","112,890,513.78","112,890,513.78",Industrials,"2,831,543.00",US8447411088,New York Stock Exchange Inc.
HUM,HUMANA INC,Equity,0.15,188.35,"593,776.00","111,837,709.60","111,837,709.60",Health Care,"2,445,063.00",US4448591028,New York Stock Exchange Inc.
APC,ANADARKO PETROLEUM CORP,Equity,0.15,54.48,"2,035,646.00","110,901,994.08","110,901,994.08",Energy,"2,032,380.00",US0325111070,New York Stock Exchange Inc.
LYB,LYONDELLBASELL INDUSTRIES NV CLASS,Equity,0.15,79.92,"1,384,329.00","110,635,573.68","110,635,573.68",Materials,B3SPXZ3,NL0009434992,New York Stock Exchange Inc.
AMAT,APPLIED MATERIAL INC,Equity,0.15,24.42,"4,527,123.00","110,552,343.66","110,552,343.66",Information Technology,"2,046,552.00",US0382221051,NASDAQ
INTU,INTUIT INC,Equity,0.15,107.52,"1,028,241.00","110,556,472.32","110,556,472.32",Information Technology,"2,459,020.00",US4612021034,NASDAQ
STZ,CONSTELLATION BRANDS INC CLASS A,Equity,0.15,154.10,"704,194.00","108,516,295.40","108,516,295.40",Consumer Staples,"2,170,473.00",US21036P1084,New York Stock Exchange Inc.
PXD,PIONEER NATURAL RESOURCE,Equity,0.15,164.20,"653,695.00","107,336,719.00","107,336,719.00",Energy,"2,690,830.00",US7237871071,New York Stock Exchange Inc.
DG,DOLLAR GENERAL CORP,Equity,0.14,91.69,"1,164,832.00","106,803,446.08","106,803,446.08",Consumer Discretionary,B5B1S13,US2566771059,New York Stock Exchange Inc.
PPL,PPL CORP,Equity,0.14,39.25,"2,698,006.00","105,896,735.50","105,896,735.50",Utilities,"2,680,905.00",US69351T1060,New York Stock Exchange Inc.
EBAY,EBAY INC,Equity,0.14,24.33,"4,341,756.00","105,634,923.48","105,634,923.48",Information Technology,"2,293,819.00",US2786421030,NASDAQ
SYF,SYNCHRONY FINANCIAL,Equity,0.14,31.41,"3,338,432.00","104,860,149.12","104,860,149.12",Financials,BP96PS6,US87165B1035,New York Stock Exchange Inc.
PLD,PROLOGIS REIT INC,Equity,0.14,49.87,"2,101,169.00","104,785,298.03","104,785,298.03",Financials,B44WZD7,US74340W1036,New York Stock Exchange Inc.
CAH,CARDINAL HEALTH INC,Equity,0.14,79.29,"1,318,585.00","104,550,604.65","104,550,604.65",Health Care,"2,175,672.00",US14149Y1082,New York Stock Exchange Inc.
ADM,ARCHER DANIELS MIDLAND,Equity,0.14,43.83,"2,383,551.00","104,471,040.33","104,471,040.33",Consumer Staples,"2,047,317.00",US0394831020,New York Stock Exchange Inc.
CSX,CSX CORP,Equity,0.14,27.05,"3,856,335.00","104,313,861.75","104,313,861.75",Industrials,"2,160,753.00",US1264081035,NASDAQ
DE,DEERE & CO,Equity,0.14,86.95,"1,199,447.00","104,291,916.65","104,291,916.65",Industrials,"2,261,203.00",US2441991054,New York Stock Exchange Inc.
WM,WASTE MANAGEMENT INC,Equity,0.14,62.62,"1,659,454.00","103,915,009.48","103,915,009.48",Industrials,"2,937,667.00",US94106L1098,New York Stock Exchange Inc.
SRE,SEMPRA ENERGY,Equity,0.14,110.00,"944,122.00","103,853,420.00","103,853,420.00",Utilities,"2,138,158.00",US8168511090,New York Stock Exchange Inc.
SYY,SYSCO CORP,Equity,0.14,49.00,"2,102,387.00","103,016,963.00","103,016,963.00",Consumer Staples,"2,868,165.00",US8718291078,New York Stock Exchange Inc.
EQIX,EQUINIX REIT INC,Equity,0.14,373.21,"275,841.00","102,946,619.61","102,946,619.61",Financials,BVLZX12,US29444U7000,NASDAQ
ALL,ALLSTATE CORP,Equity,0.14,67.79,"1,514,663.00","102,679,004.77","102,679,004.77",Financials,"2,019,952.00",US0200021014,New York Stock Exchange Inc.
HCN,WELLTOWER INC,Equity,0.14,72.15,"1,422,019.00","102,598,670.85","102,598,670.85",Financials,BYVYHH4,US95040Q1040,New York Stock Exchange Inc.
NSC,NORFOLK SOUTHERN CORP,Equity,0.14,85.60,"1,193,995.00","102,205,972.00","102,205,972.00",Industrials,"2,641,894.00",US6558441084,New York Stock Exchange Inc.
ORLY,OREILLY AUTOMOTIVE INC,Equity,0.14,262.35,"389,133.00","102,089,042.55","102,089,042.55",Consumer Discretionary,B65LWX6,US67103H1077,NASDAQ
VLO,VALERO ENERGY CORP,Equity,0.14,53.81,"1,883,346.00","101,342,848.26","101,342,848.26",Energy,"2,041,364.00",US91913Y1001,New York Stock Exchange Inc.
HCA,HCA HOLDINGS INC,Equity,0.13,81.03,"1,223,871.00","99,170,267.13","99,170,267.13",Health Care,B4MGBG6,US40412C1018,New York Stock Exchange Inc.
BAX,BAXTER INTERNATIONAL INC,Equity,0.13,44.75,"2,193,512.00","98,159,662.00","98,159,662.00",Health Care,"2,085,102.00",US0718131099,New York Stock Exchange Inc.
ISRG,INTUITIVE SURGICAL INC,Equity,0.13,648.20,"149,692.00","97,030,354.40","97,030,354.40",Health Care,"2,871,301.00",US46120E6023,NASDAQ
NVDA,NVIDIA CORP,Equity,0.13,47.38,"2,046,436.00","96,960,137.68","96,960,137.68",Information Technology,"2,379,504.00",US67066G1040,NASDAQ
STT,STATE STREET CORP,Equity,0.13,60.29,"1,601,616.00","96,561,428.64","96,561,428.64",Financials,"2,842,040.00",US8574771031,New York Stock Exchange Inc.
EIX,EDISON INTERNATIONAL,Equity,0.13,73.66,"1,304,612.00","96,097,719.92","96,097,719.92",Utilities,"2,829,515.00",US2810201077,New York Stock Exchange Inc.
FISV,FISERV INC,Equity,0.13,107.34,"892,665.00","95,818,661.10","95,818,661.10",Information Technology,"2,342,034.00",US3377381088,NASDAQ
HPQ,HP INC,Equity,0.13,13.84,"6,913,625.00","95,684,570.00","95,684,570.00",Information Technology,BYX4D52,US40434L1052,New York Stock Exchange Inc.
EA,ELECTRONIC ARTS INC,Equity,0.13,76.25,"1,238,503.00","94,435,853.75","94,435,853.75",Information Technology,"2,310,194.00",US2855121099,NASDAQ
DFS,DISCOVER FINANCIAL SERVICES,Equity,0.13,56.80,"1,658,511.00","94,203,424.80","94,203,424.80",Financials,B1YLC43,US2547091080,New York Stock Exchange Inc.
EQR,EQUITY RESIDENTIAL REIT,Equity,0.13,64.46,"1,460,533.00","94,145,957.18","94,145,957.18",Financials,"2,319,157.00",US29476L1070,New York Stock Exchange Inc.
GLW,CORNING INC,Equity,0.13,21.03,"4,455,947.00","93,708,565.41","93,708,565.41",Information Technology,"2,224,701.00",US2193501051,New York Stock Exchange Inc.
AVB,AVALONBAY COMMUNITIES REIT INC,Equity,0.13,170.25,"548,580.00","93,395,745.00","93,395,745.00",Financials,"2,131,179.00",US0534841012,New York Stock Exchange Inc.
TEL,TE CONNECTIVITY LTD,Equity,0.12,62.27,"1,480,311.00","92,178,965.97","92,178,965.97",Information Technology,B62B7C3,CH0102993182,New York Stock Exchange Inc.
VTR,VENTAS REIT INC,Equity,0.12,68.42,"1,345,746.00","92,075,941.32","92,075,941.32",Financials,"2,927,925.00",US92276F1003,New York Stock Exchange Inc.
SHW,SHERWIN WILLIAMS,Equity,0.12,293.03,"314,042.00","92,023,727.26","92,023,727.26",Materials,"2,804,211.00",US8243481061,New York Stock Exchange Inc.
AZO,AUTOZONE INC,Equity,0.12,760.07,"120,937.00","91,920,585.59","91,920,585.59",Consumer Discretionary,"2,065,955.00",US0533321024,New York Stock Exchange Inc.
VRTX,VERTEX PHARMACEUTICALS INC,Equity,0.12,92.49,"986,573.00","91,248,136.77","91,248,136.77",Health Care,"2,931,034.00",US92532F1003,NASDAQ
WY,WEYERHAEUSER REIT,Equity,0.12,30.37,"2,991,055.00","90,838,340.35","90,838,340.35",Financials,"2,958,936.00",US9621661043,New York Stock Exchange Inc.
SE,SPECTRA ENERGY CORP,Equity,0.12,33.76,"2,688,975.00","90,779,796.00","90,779,796.00",Energy,B1L60G9,US8475601097,New York Stock Exchange Inc.
PEG,PUBLIC SERVICE ENTERPRISE GROUP IN,Equity,0.12,44.62,"2,027,906.00","90,485,165.72","90,485,165.72",Utilities,"2,707,677.00",US7445731067,New York Stock Exchange Inc.
ED,CONSOLIDATED EDISON INC,Equity,0.12,76.54,"1,175,652.00","89,984,404.08","89,984,404.08",Utilities,"2,216,850.00",US2091151041,New York Stock Exchange Inc.
NWL,NEWELL BRANDS INC,Equity,0.12,48.96,"1,829,034.00","89,549,504.64","89,549,504.64",Consumer Discretionary,"2,635,701.00",US6512291062,New York Stock Exchange Inc.
CBS,CBS CORP- CLASS B,Equity,0.12,53.00,"1,688,998.00","89,516,894.00","89,516,894.00",Consumer Discretionary,B0SRLH6,US1248572026,New York Stock Exchange Inc.
STJ,ST JUDE MEDICAL INC,Equity,0.12,78.07,"1,135,694.00","88,663,630.58","88,663,630.58",Health Care,"2,767,381.00",US7908491035,New York Stock Exchange Inc.
ZTS,ZOETIS INC CLASS A,Equity,0.12,48.14,"1,831,541.00","88,170,383.74","88,170,383.74",Health Care,B95WG16,US98978V1035,New York Stock Exchange Inc.
EW,EDWARDS LIFESCIENCES CORP,Equity,0.12,102.48,"859,373.00","88,068,545.04","88,068,545.04",Health Care,"2,567,116.00",US28176E1082,New York Stock Exchange Inc.
ROST,ROSS STORES INC,Equity,0.12,54.22,"1,621,842.00","87,936,273.24","87,936,273.24",Consumer Discretionary,"2,746,711.00",US7782961038,NASDAQ
MNST,MONSTER BEVERAGE CORP,Equity,0.12,155.01,"561,416.00","87,025,094.16","87,025,094.16",Consumer Staples,BZ07BW4,US61174X1090,NASDAQ
STI,SUNTRUST BANKS INC,Equity,0.12,42.97,"2,022,159.00","86,892,172.23","86,892,172.23",Financials,"2,860,990.00",US8679141031,New York Stock Exchange Inc.
XEL,XCEL ENERGY INC,Equity,0.12,42.70,"2,032,517.00","86,788,475.90","86,788,475.90",Utilities,"2,614,807.00",US98389B1008,New York Stock Exchange Inc.
CCL,CARNIVAL CORP,Equity,0.12,48.03,"1,804,592.00","86,674,553.76","86,674,553.76",Consumer Discretionary,"2,523,044.00",PA1436583006,New York Stock Exchange Inc.
DLTR,DOLLAR TREE INC,Equity,0.12,91.97,"940,191.00","86,469,366.27","86,469,366.27",Consumer Discretionary,"2,272,476.00",US2567461080,NASDAQ
VFC,VF CORP,Equity,0.12,63.16,"1,359,859.00","85,888,694.44","85,888,694.44",Consumer Discretionary,"2,928,683.00",US9182041080,New York Stock Exchange Inc.
ZBH,ZIMMER BIOMET HOLDINGS INC,Equity,0.12,119.40,"716,580.00","85,559,652.00","85,559,652.00",Health Care,"2,783,815.00",US98956P1021,New York Stock Exchange Inc.
APA,APACHE CORP,Equity,0.11,55.83,"1,514,879.00","84,575,694.57","84,575,694.57",Energy,"2,043,962.00",US0374111054,New York Stock Exchange Inc.
ILMN,ILLUMINA INC,Equity,0.11,143.42,"588,660.00","84,425,617.20","84,425,617.20",Health Care,"2,613,990.00",US4523271090,NASDAQ
BHI,BAKER HUGHES INC,Equity,0.11,47.55,"1,753,468.00","83,377,403.40","83,377,403.40",Energy,"2,072,085.00",US0572241075,New York Stock Exchange Inc.
FIS,FIDELITY NATIONAL INFORMATION SERV,Equity,0.11,75.14,"1,105,637.00","83,077,564.18","83,077,564.18",Information Technology,"2,769,796.00",US31620M1062,New York Stock Exchange Inc.
EL,ESTEE LAUDER INC CLASS A,Equity,0.11,92.28,"888,700.00","82,009,236.00","82,009,236.00",Consumer Staples,"2,320,524.00",US5184391044,New York Stock Exchange Inc.
CAG,CONAGRA FOODS INC,Equity,0.11,47.15,"1,738,582.00","81,974,141.30","81,974,141.30",Consumer Staples,"2,215,460.00",US2058871029,New York Stock Exchange Inc.
OMC,OMNICOM GROUP INC,Equity,0.11,84.40,"959,506.00","80,982,306.40","80,982,306.40",Consumer Discretionary,"2,279,303.00",US6819191064,New York Stock Exchange Inc.
AAL,AMERICAN AIRLINES GROUP INC,Equity,0.11,33.40,"2,415,018.00","80,661,601.20","80,661,601.20",Industrials,BCV7KT2,US02376R1023,NASDAQ
NLSN,NIELSEN HOLDINGS PLC,Equity,0.11,54.98,"1,449,259.00","79,680,259.82","79,680,259.82",Industrials,BWFY550,GB00BWFY5505,New York Stock Exchange Inc.
BXP,BOSTON PROPERTIES REIT INC,Equity,0.11,128.98,"615,110.00","79,336,887.80","79,336,887.80",Financials,"2,019,479.00",US1011211018,New York Stock Exchange Inc.
PCAR,PACCAR INC,Equity,0.11,56.02,"1,407,138.00","78,827,870.76","78,827,870.76",Industrials,"2,665,861.00",US6937181088,NASDAQ
WEC,WEC ENERGY GROUP INC,Equity,0.11,62.32,"1,264,159.00","78,782,388.88","78,782,388.88",Utilities,BYY8XK8,US92939U1060,New York Stock Exchange Inc.
K,KELLOGG,Equity,0.11,77.69,"1,009,984.00","78,465,656.96","78,465,656.96",Consumer Staples,"2,486,813.00",US4878361082,New York Stock Exchange Inc.
MPC,MARATHON PETROLEUM CORP,Equity,0.11,36.95,"2,119,472.00","78,314,490.40","78,314,490.40",Energy,B3K3L40,US56585A1025,New York Stock Exchange Inc.
ATVI,ACTIVISION BLIZZARD INC,Equity,0.11,38.54,"2,031,049.00","78,276,628.46","78,276,628.46",Information Technology,"2,575,818.00",US00507V1098,NASDAQ
CMI,CUMMINS INC,Equity,0.10,118.64,"649,294.00","77,032,240.16","77,032,240.16",Industrials,"2,240,202.00",US2310211063,New York Stock Exchange Inc.
PGR,PROGRESSIVE CORP,Equity,0.10,32.86,"2,340,139.00","76,896,967.54","76,896,967.54",Financials,"2,705,024.00",US7433151039,New York Stock Exchange Inc.
DLPH,DELPHI AUTOMOTIVE PLC,Equity,0.10,68.93,"1,111,545.00","76,618,796.85","76,618,796.85",Consumer Discretionary,B783TY6,JE00B783TY65,New York Stock Exchange Inc.
DVN,DEVON ENERGY CORP,Equity,0.10,37.45,"2,043,732.00","76,537,763.40","76,537,763.40",Energy,"2,480,677.00",US25179M1036,New York Stock Exchange Inc.
TAP,MOLSON COORS BREWING CLASS B,Equity,0.10,103.38,"736,228.00","76,111,250.64","76,111,250.64",Consumer Staples,B067BM3,US60871R2094,New York Stock Exchange Inc.
NEM,NEWMONT MINING CORP,Equity,0.10,35.90,"2,119,528.00","76,091,055.20","76,091,055.20",Materials,"2,636,607.00",US6516391066,New York Stock Exchange Inc.
MYL,MYLAN NV,Equity,0.10,45.76,"1,650,758.00","75,538,686.08","75,538,686.08",Health Care,BVFMFG8,NL0011031208,NASDAQ
MTB,M&T BANK CORP,Equity,0.10,118.37,"637,170.00","75,421,812.90","75,421,812.90",Financials,"2,340,168.00",US55261F1049,New York Stock Exchange Inc.
TYC,TYCO INTERNATIONAL PLC,Equity,0.10,43.69,"1,700,609.00","74,299,607.21","74,299,607.21",Industrials,BQRQXQ9,IE00BQRQXQ92,New York Stock Exchange Inc.
APH,AMPHENOL CORP CLASS A,Equity,0.10,59.98,"1,233,711.00","73,997,985.78","73,997,985.78",Information Technology,"2,145,084.00",US0320951017,New York Stock Exchange Inc.
TROW,T ROWE PRICE GROUP INC,Equity,0.10,74.37,"993,929.00","73,918,499.73","73,918,499.73",Financials,"2,702,337.00",US74144T1088,NASDAQ
ES,EVERSOURCE ENERGY,Equity,0.10,56.88,"1,270,453.00","72,263,366.64","72,263,366.64",Utilities,BVVN4Q8,US30040W1080,New York Stock Exchange Inc.
TSN,TYSON FOODS INC CLASS A,Equity,0.10,61.28,"1,173,851.00","71,933,589.28","71,933,589.28",Consumer Staples,"2,909,730.00",US9024941034,New York Stock Exchange Inc.
IP,INTERNATIONAL PAPER,Equity,0.10,43.59,"1,646,826.00","71,785,145.34","71,785,145.34",Materials,"2,465,254.00",US4601461035,New York Stock Exchange Inc.
WLTW,WILLIS TOWERS WATSON PLC,Equity,0.10,129.58,"553,421.00","71,712,293.18","71,712,293.18",Financials,BDB6Q21,IE00BDB6Q211,NASDAQ
ADI,ANALOG DEVICES INC,Equity,0.10,57.56,"1,241,658.00","71,469,834.48","71,469,834.48",Information Technology,"2,032,067.00",US0326541051,NASDAQ
PAYX,PAYCHEX INC,Equity,0.10,55.21,"1,286,646.00","71,035,725.66","71,035,725.66",Information Technology,"2,674,458.00",US7043261079,NASDAQ
HIG,HARTFORD FINANCIAL SERVICES GROUP,Equity,0.10,44.48,"1,588,772.00","70,668,578.56","70,668,578.56",Financials,"2,476,193.00",US4165151048,New York Stock Exchange Inc.
ROP,ROPER TECHNOLOGIES INC,Equity,0.10,174.25,"404,794.00","70,535,354.50","70,535,354.50",Industrials,"2,749,602.00",US7766961061,New York Stock Exchange Inc.
LB,L BRANDS INC,Equity,0.10,69.02,"1,020,157.00","70,411,236.14","70,411,236.14",Consumer Discretionary,B9M2WX3,US5017971046,New York Stock Exchange Inc.
SWK,STANLEY BLACK & DECKER INC,Equity,0.09,114.37,"610,170.00","69,785,142.90","69,785,142.90",Industrials,B3Q2FJ4,US8545021011,New York Stock Exchange Inc.
DPS,DR PEPPER SNAPPLE GROUP INC,Equity,0.09,92.37,"750,410.00","69,315,371.70","69,315,371.70",Consumer Staples,B2QW0Z8,US26138E1091,New York Stock Exchange Inc.
CERN,CERNER CORP,Equity,0.09,56.96,"1,212,111.00","69,041,842.56","69,041,842.56",Health Care,"2,185,284.00",US1567821046,NASDAQ
VNO,VORNADO REALTY TRUST REIT,Equity,0.09,97.18,"710,012.00","68,998,966.16","68,998,966.16",Financials,"2,933,632.00",US9290421091,New York Stock Exchange Inc.
SJM,JM SMUCKER,Equity,0.09,143.23,"479,442.00","68,670,477.66","68,670,477.66",Consumer Staples,"2,951,452.00",US8326964058,New York Stock Exchange Inc.
MCO,MOODYS CORP,Equity,0.09,101.07,"679,183.00","68,645,025.81","68,645,025.81",Financials,"2,252,058.00",US6153691059,New York Stock Exchange Inc.
AMP,AMERIPRISE FINANCE INC,Equity,0.09,100.67,"676,750.00","68,128,422.50","68,128,422.50",Financials,B0J7D57,US03076C1062,New York Stock Exchange Inc.
CLX,CLOROX,Equity,0.09,130.91,"518,511.00","67,878,275.01","67,878,275.01",Consumer Staples,"2,204,026.00",US1890541097,New York Stock Exchange Inc.
DTE,DTE ENERGY,Equity,0.09,94.05,"718,910.00","67,613,485.50","67,613,485.50",Utilities,"2,280,220.00",US2333311072,New York Stock Exchange Inc.
IR,INGERSOLL-RAND PLC,Equity,0.09,65.69,"1,028,780.00","67,580,558.20","67,580,558.20",Industrials,B633030,IE00B6330302,New York Stock Exchange Inc.
BCR,C R BARD INC,Equity,0.09,226.52,"295,355.00","66,903,814.60","66,903,814.60",Health Care,"2,077,905.00",US0673831097,New York Stock Exchange Inc.
CXO,CONCHO RESOURCES INC,Equity,0.09,124.47,"517,299.00","64,388,206.53","64,388,206.53",Energy,B1YWRK7,US20605P1012,New York Stock Exchange Inc.
NBL,NOBLE ENERGY INC,Equity,0.09,37.48,"1,717,927.00","64,387,903.96","64,387,903.96",Energy,"2,640,761.00",US6550441058,New York Stock Exchange Inc.
NUE,NUCOR CORP,Equity,0.09,50.55,"1,273,610.00","64,380,985.50","64,380,985.50",Materials,"2,651,086.00",US6703461052,New York Stock Exchange Inc.
GGP,GENERAL GROWTH PROPERTIES REIT INC,Equity,0.09,27.59,"2,332,943.00","64,365,897.37","64,365,897.37",Financials,B56VLR5,US3700231034,New York Stock Exchange Inc.
HCP,HCP REIT INC,Equity,0.09,34.48,"1,864,910.00","64,302,096.80","64,302,096.80",Financials,"2,417,578.00",US40414L1098,New York Stock Exchange Inc.
O,REALTY INCOME REIT CORP,Equity,0.09,63.98,"1,003,161.00","64,182,240.78","64,182,240.78",Financials,"2,724,193.00",US7561091049,New York Stock Exchange Inc.
HES,HESS CORP,Equity,0.09,60.38,"1,060,766.00","64,049,051.08","64,049,051.08",Energy,"2,023,748.00",US42809H1077,New York Stock Exchange Inc.
WMB,WILLIAMS INC,Equity,0.09,23.28,"2,734,172.00","63,651,524.16","63,651,524.16",Energy,"2,967,181.00",US9694571004,New York Stock Exchange Inc.
UAL,UNITED CONTINENTAL HOLDINGS INC,Equity,0.09,46.70,"1,349,288.00","63,011,749.60","63,011,749.60",Industrials,B4QG225,US9100471096,New York Stock Exchange Inc.
MJN,MEAD JOHNSON NUTRITION,Equity,0.08,84.17,"746,918.00","62,868,088.06","62,868,088.06",Consumer Staples,B4W9F29,US5828391061,New York Stock Exchange Inc.
ROK,ROCKWELL AUTOMATION INC,Equity,0.08,118.74,"526,489.00","62,515,303.86","62,515,303.86",Industrials,"2,754,060.00",US7739031091,New York Stock Exchange Inc.
PH,PARKER-HANNIFIN CORP,Equity,0.08,115.36,"541,206.00","62,433,524.16","62,433,524.16",Industrials,"2,671,501.00",US7010941042,New York Stock Exchange Inc.
VMC,VULCAN MATERIALS,Equity,0.08,116.83,"533,518.00","62,330,907.94","62,330,907.94",Materials,"2,931,205.00",US9291601097,New York Stock Exchange Inc.
XRAY,DENTSPLY SIRONA INC,Equity,0.08,64.43,"966,546.00","62,274,558.78","62,274,558.78",Health Care,BYNPPC6,US24906P1093,NASDAQ
NTRS,NORTHERN TRUST CORP TRUST,Equity,0.08,71.87,"862,192.00","61,965,739.04","61,965,739.04",Financials,"2,648,668.00",US6658591044,NASDAQ
VIAB,VIACOM INC CLASS B,Equity,0.08,44.41,"1,387,814.00","61,632,819.74","61,632,819.74",Consumer Discretionary,B0SRLF4,US92553P2011,NASDAQ
LVLT,LEVEL COMMUNICATIONS INC,Equity,0.08,53.08,"1,157,854.00","61,458,890.32","61,458,890.32",Telecommunications,B5LL299,US52729N3089,New York Stock Exchange Inc.
ULTA,ULTA SALON COSMETICS & FRAGRANCE I,Equity,0.08,240.01,"255,185.00","61,246,951.85","61,246,951.85",Consumer Discretionary,B28TS42,US90384S3031,NASDAQ
A,AGILENT TECHNOLOGIES INC,Equity,0.08,46.09,"1,313,020.00","60,517,091.80","60,517,091.80",Health Care,"2,520,153.00",US00846U1016,New York Stock Exchange Inc.
DLR,DIGITAL REALTY TRUST REIT INC TRUS,Equity,0.08,102.84,"585,875.00","60,251,385.00","60,251,385.00",Financials,B03GQS4,US2538681030,New York Stock Exchange Inc.
EFX,EQUIFAX INC,Equity,0.08,125.94,"475,524.00","59,887,492.56","59,887,492.56",Industrials,"2,319,146.00",US2944291051,New York Stock Exchange Inc.
HSIC,HENRY SCHEIN INC,Equity,0.08,180.71,"328,276.00","59,322,755.96","59,322,755.96",Health Care,"2,416,962.00",US8064071025,NASDAQ
PRGO,PERRIGO PLC,Equity,0.08,100.48,"586,495.00","58,931,017.60","58,931,017.60",Health Care,BGH1M56,IE00BGH1M568,New York Stock Exchange Inc.
CTL,CENTURYLINK INC,Equity,0.08,27.00,"2,178,799.00","58,827,573.00","58,827,573.00",Telecommunications,"2,185,046.00",US1567001060,New York Stock Exchange Inc.
FITB,FIFTH THIRD BANCORP,Equity,0.08,18.73,"3,137,590.00","58,767,060.70","58,767,060.70",Financials,"2,336,747.00",US3167731005,NASDAQ
ABC,AMERISOURCEBERGEN CORP,Equity,0.08,76.17,"767,679.00","58,474,109.43","58,474,109.43",Health Care,"2,795,393.00",US03073E1055,New York Stock Exchange Inc.
GPC,GENUINE PARTS,Equity,0.08,97.23,"598,994.00","58,240,186.62","58,240,186.62",Consumer Discretionary,"2,367,480.00",US3724601055,New York Stock Exchange Inc.
FE,FIRSTENERGY CORP,Equity,0.08,34.25,"1,697,310.00","58,132,867.50","58,132,867.50",Utilities,"2,100,920.00",US3379321074,New York Stock Exchange Inc.
RHT,RED HAT INC,Equity,0.08,78.23,"731,631.00","57,235,493.13","57,235,493.13",Information Technology,"2,447,218.00",US7565771026,New York Stock Exchange Inc.
TDG,TRANSDIGM GROUP INC,Equity,0.08,266.23,"214,964.00","57,229,865.72","57,229,865.72",Industrials,B11FJK3,US8936411003,New York Stock Exchange Inc.
ETR,ENTERGY CORP,Equity,0.08,78.68,"715,146.00","56,267,687.28","56,267,687.28",Utilities,"2,317,087.00",US29364G1031,New York Stock Exchange Inc.
WHR,WHIRLPOOL CORP,Equity,0.08,179.69,"309,431.00","55,601,656.39","55,601,656.39",Consumer Discretionary,"2,960,384.00",US9633201069,New York Stock Exchange Inc.
HSY,HERSHEY FOODS,Equity,0.07,96.42,"574,684.00","55,411,031.28","55,411,031.28",Consumer Staples,"2,422,806.00",US4278661081,New York Stock Exchange Inc.
AWK,AMERICAN WATER WORKS INC,Equity,0.07,77.47,"713,240.00","55,254,702.80","55,254,702.80",Utilities,B2R3PV1,US0304201033,New York Stock Exchange Inc.
ESS,ESSEX PROPERTY TRUST REIT INC,Equity,0.07,209.26,"262,083.00","54,843,488.58","54,843,488.58",Financials,"2,316,619.00",US2971781057,New York Stock Exchange Inc.
NOV,NATIONAL OILWELL VARCO INC,Equity,0.07,36.34,"1,505,949.00","54,726,186.66","54,726,186.66",Energy,"2,624,486.00",US6370711011,New York Stock Exchange Inc.
FCX,FREEPORT MCMORAN INC,Equity,0.07,10.90,"5,015,884.00","54,673,135.60","54,673,135.60",Materials,"2,352,118.00",US35671D8570,New York Stock Exchange Inc.
WDC,WESTERN DIGITAL CORP,Equity,0.07,48.17,"1,124,734.00","54,178,436.78","54,178,436.78",Information Technology,"2,954,699.00",US9581021055,NASDAQ
CTXS,CITRIX SYSTEMS INC,Equity,0.07,87.68,"616,958.00","54,094,877.44","54,094,877.44",Information Technology,"2,182,553.00",US1773761002,NASDAQ
LH,LABORATORY CORPORATION OF AMERICA,Equity,0.07,131.19,"407,508.00","53,460,974.52","53,460,974.52",Health Care,"2,586,122.00",US50540R4092,New York Stock Exchange Inc.
LRCX,LAM RESEARCH CORP,Equity,0.07,83.63,"636,632.00","53,241,534.16","53,241,534.16",Information Technology,"2,502,247.00",US5128071082,NASDAQ
EQT,EQT CORP,Equity,0.07,77.91,"681,192.00","53,071,668.72","53,071,668.72",Energy,"2,319,414.00",US26884L1098,New York Stock Exchange Inc.
ADS,ALLIANCE DATA SYSTEMS CORP,Equity,0.07,222.61,"237,429.00","52,854,069.69","52,854,069.69",Information Technology,"2,762,030.00",US0185811082,New York Stock Exchange Inc.
FAST,FASTENAL,Equity,0.07,45.35,"1,156,024.00","52,425,688.40","52,425,688.40",Industrials,"2,332,262.00",US3119001044,NASDAQ
SWKS,SKYWORKS SOLUTIONS INC,Equity,0.07,67.97,"767,967.00","52,198,716.99","52,198,716.99",Information Technology,"2,961,053.00",US83088M1027,NASDAQ
ADSK,AUTODESK INC,Equity,0.07,57.79,"902,827.00","52,174,372.33","52,174,372.33",Information Technology,"2,065,159.00",US0527691069,NASDAQ
MU,MICRON TECHNOLOGY INC,Equity,0.07,12.51,"4,156,193.00","51,993,974.43","51,993,974.43",Information Technology,"2,588,184.00",US5951121038,NASDAQ
CHD,CHURCH AND DWIGHT INC,Equity,0.07,99.83,"519,809.00","51,892,532.47","51,892,532.47",Consumer Staples,"2,195,841.00",US1713401024,New York Stock Exchange Inc.
AA,ALCOA INC,Equity,0.07,9.84,"5,268,873.00","51,845,710.32","51,845,710.32",Materials,"2,021,805.00",US0138171014,New York Stock Exchange Inc.
RCL,ROYAL CARIBBEAN CRUISES LTD,Equity,0.07,76.24,"679,480.00","51,803,555.20","51,803,555.20",Consumer Discretionary,"2,754,907.00",LR0008862868,New York Stock Exchange Inc.
EXPE,EXPEDIA INC,Equity,0.07,109.11,"474,756.00","51,800,627.16","51,800,627.16",Consumer Discretionary,B748CK2,US30212P3038,NASDAQ
GWW,WW GRAINGER INC,Equity,0.07,227.17,"227,571.00","51,697,304.07","51,697,304.07",Industrials,"2,380,863.00",US3848021040,New York Stock Exchange Inc.
BEN,FRANKLIN RESOURCES INC,Equity,0.07,34.42,"1,495,858.00","51,487,432.36","51,487,432.36",Financials,"2,350,684.00",US3546131018,New York Stock Exchange Inc.
DVA,DAVITA HEALTHCARE PARTNERS INC,Equity,0.07,77.21,"663,963.00","51,264,583.23","51,264,583.23",Health Care,"2,898,087.00",US23918K1088,New York Stock Exchange Inc.
MAR,MARRIOTT INTERNATIONAL INC CLASS A,Equity,0.07,67.22,"761,790.00","51,207,523.80","51,207,523.80",Consumer Discretionary,"2,210,614.00",US5719032022,NASDAQ
MHK,MOHAWK INDUSTRIES INC,Equity,0.07,199.47,"254,880.00","50,840,913.60","50,840,913.60",Consumer Discretionary,"2,598,699.00",US6081901042,New York Stock Exchange Inc.
FOX,TWENTY-FIRST CENTURY FOX INC CLASS,Equity,0.07,29.41,"1,727,780.00","50,814,009.80","50,814,009.80",Consumer Discretionary,BBM4S80,US90130A2006,NASDAQ
HOT,STARWOOD HOTELS & RESORTS WORLDWID,Equity,0.07,74.52,"675,608.00","50,346,308.16","50,346,308.16",Consumer Discretionary,B12GHV2,US85590A4013,New York Stock Exchange Inc.
TSCO,TRACTOR SUPPLY,Equity,0.07,93.83,"535,871.00","50,280,775.93","50,280,775.93",Consumer Discretionary,"2,900,335.00",US8923561067,NASDAQ
RF,REGIONS FINANCIAL CORP,Equity,0.07,9.70,"5,160,044.00","50,052,426.80","50,052,426.80",Financials,B01R311,US7591EP1005,New York Stock Exchange Inc.
CMG,CHIPOTLE MEXICAN GRILL INC,Equity,0.07,415.79,"120,366.00","50,046,979.14","50,046,979.14",Consumer Discretionary,B0X7DZ3,US1696561059,New York Stock Exchange Inc.
UHS,UNIVERSAL HEALTH SERVICES INC CLAS,Equity,0.07,138.00,"362,185.00","49,981,530.00","49,981,530.00",Health Care,"2,923,785.00",US9139031002,New York Stock Exchange Inc.
AEE,AMEREN CORP,Equity,0.07,50.89,"972,313.00","49,481,008.57","49,481,008.57",Utilities,"2,050,832.00",US0236081024,New York Stock Exchange Inc.
VRSK,VERISK ANALYTICS INC,Equity,0.07,79.58,"619,469.00","49,297,343.02","49,297,343.02",Industrials,B4P9W92,US92345Y1064,NASDAQ
MLM,MARTIN MARIETTA MATERIALS INC.,Equity,0.07,189.23,"257,787.00","48,781,034.01","48,781,034.01",Materials,"2,572,079.00",US5732841060,New York Stock Exchange Inc.
KIM,KIMCO REALTY REIT CORP,Equity,0.07,29.28,"1,657,958.00","48,545,010.24","48,545,010.24",Financials,"2,491,594.00",US49446R1095,New York Stock Exchange Inc.
IVZ,INVESCO LTD,Equity,0.07,29.07,"1,668,433.00","48,501,347.31","48,501,347.31",Financials,B28XP76,BMG491BT1088,New York Stock Exchange Inc.
CFG,CITIZENS FINANCIAL GROUP INC,Equity,0.07,22.88,"2,114,929.00","48,389,575.52","48,389,575.52",Financials,BQRX1X3,US1746101054,New York Stock Exchange Inc.
MRO,MARATHON OIL CORP,Equity,0.07,14.26,"3,381,113.00","48,214,671.38","48,214,671.38",Energy,"2,910,970.00",US5658491064,New York Stock Exchange Inc.
CMS,CMS ENERGY CORP,Equity,0.07,43.39,"1,110,766.00","48,196,136.74","48,196,136.74",Utilities,"2,219,224.00",US1258961002,New York Stock Exchange Inc.
XLNX,XILINX INC,Equity,0.07,47.03,"1,023,970.00","48,157,309.10","48,157,309.10",Information Technology,"2,985,677.00",US9839191015,NASDAQ
COG,CABOT OIL & GAS CORP,Equity,0.06,25.90,"1,835,753.00","47,546,002.70","47,546,002.70",Energy,"2,162,340.00",US1270971039,New York Stock Exchange Inc.
COL,ROCKWELL COLLINS INC,Equity,0.06,90.45,"525,537.00","47,534,821.65","47,534,821.65",Industrials,"2,767,228.00",US7743411016,New York Stock Exchange Inc.
RSG,REPUBLIC SERVICES INC,Equity,0.06,49.80,"953,651.00","47,491,819.80","47,491,819.80",Industrials,"2,262,530.00",US7607591002,New York Stock Exchange Inc.
GPN,GLOBAL PAYMENTS INC.,Equity,0.06,76.60,"616,334.00","47,211,184.40","47,211,184.40",Information Technology,"2,712,013.00",US37940X1028,New York Stock Exchange Inc.
HST,HOST HOTELS & RESORTS REIT INC,Equity,0.06,15.59,"3,014,807.00","47,000,841.13","47,000,841.13",Financials,"2,567,503.00",US44107P1049,New York Stock Exchange Inc.
PFG,PRINCIPAL FINANCIAL GROUP INC,Equity,0.06,43.14,"1,086,828.00","46,885,759.92","46,885,759.92",Financials,"2,803,014.00",US74251V1026,New York Stock Exchange Inc.
CNC,CENTENE CORP.,Equity,0.06,68.36,"680,034.00","46,487,124.24","46,487,124.24",Health Care,"2,807,061.00",US15135B1017,New York Stock Exchange Inc.
MKC,MCCORMICK & CO NON-VOTING INC,Equity,0.06,100.10,"462,380.00","46,284,238.00","46,284,238.00",Consumer Staples,"2,550,161.00",US5797802064,New York Stock Exchange Inc.
AAP,ADVANCE AUTO PARTS INC,Equity,0.06,156.78,"293,841.00","46,068,391.98","46,068,391.98",Consumer Discretionary,"2,822,019.00",US00751Y1064,New York Stock Exchange Inc.
AME,AMETEK INC,Equity,0.06,48.79,"943,980.00","46,056,784.20","46,056,784.20",Industrials,"2,089,212.00",US0311001004,New York Stock Exchange Inc.
LLL,L-3 COMMUNICATIONS HOLDINGS INC,Equity,0.06,147.90,"311,191.00","46,025,148.90","46,025,148.90",Industrials,"2,247,366.00",US5024241045,New York Stock Exchange Inc.
LLTC,LINEAR TECHNOLOGY CORP,Equity,0.06,47.71,"959,201.00","45,763,479.71","45,763,479.71",Information Technology,"2,516,839.00",US5356781063,NASDAQ
XEC,CIMAREX ENERGY,Equity,0.06,120.33,"379,184.00","45,627,210.72","45,627,210.72",Energy,"2,987,521.00",US1717981013,New York Stock Exchange Inc.
KLAC,KLA TENCOR CORP,Equity,0.06,73.41,"621,028.00","45,589,665.48","45,589,665.48",Information Technology,"2,480,138.00",US4824801009,NASDAQ
WAT,WATER CORP CORP,Equity,0.06,140.05,"324,935.00","45,507,146.75","45,507,146.75",Health Care,"2,937,689.00",US9418481035,New York Stock Exchange Inc.
AYI,ACUITY BRANDS INC.,Equity,0.06,258.40,"175,457.00","45,338,088.80","45,338,088.80",Industrials,"2,818,461.00",US00508Y1029,New York Stock Exchange Inc.
WFM,WHOLE FOODS MARKET INC,Equity,0.06,34.78,"1,301,024.00","45,249,614.72","45,249,614.72",Consumer Staples,"2,963,899.00",US9668371068,NASDAQ
MCHP,MICROCHIP TECHNOLOGY INC,Equity,0.06,52.77,"855,673.00","45,153,864.21","45,153,864.21",Information Technology,"2,592,174.00",US5950171042,NASDAQ
DGX,QUEST DIAGNOSTICS INC,Equity,0.06,78.75,"572,150.00","45,056,812.50","45,056,812.50",Health Care,"2,702,791.00",US74834L1008,New York Stock Exchange Inc.
CPB,CAMPBELL SOUP,Equity,0.06,62.51,"719,105.00","44,951,253.55","44,951,253.55",Consumer Staples,"2,162,845.00",US1344291091,New York Stock Exchange Inc.
EXR,EXTRA SPACE STORAGE INC.,Equity,0.06,89.67,"501,160.00","44,939,017.20","44,939,017.20",Financials,B02HWR9,US30225T1025,New York Stock Exchange Inc.
DOV,DOVER CORP,Equity,0.06,72.08,"619,819.00","44,676,553.52","44,676,553.52",Industrials,"2,278,407.00",US2600031080,New York Stock Exchange Inc.
PNR,PENTAIR,Equity,0.06,60.16,"731,203.00","43,989,172.48","43,989,172.48",Industrials,BLS09M3,IE00BLS09M33,New York Stock Exchange Inc.
FRT,FEDERAL REALTY INVESTMENT TRUST RE,Equity,0.06,157.12,"278,591.00","43,772,217.92","43,772,217.92",Financials,"2,333,931.00",US3137472060,New York Stock Exchange Inc.
MAT,MATTEL INC,Equity,0.06,31.99,"1,359,599.00","43,493,572.01","43,493,572.01",Consumer Discretionary,"2,572,303.00",US5770811025,NASDAQ
MSI,MOTOROLA SOLUTIONS INC,Equity,0.06,68.56,"634,390.00","43,493,778.40","43,493,778.40",Information Technology,B5BKPQ4,US6200763075,New York Stock Exchange Inc.
COH,COACH INC,Equity,0.06,38.64,"1,112,979.00","43,005,508.56","43,005,508.56",Consumer Discretionary,"2,646,015.00",US1897541041,New York Stock Exchange Inc.
L,LOEWS CORP,Equity,0.06,40.10,"1,070,892.00","42,942,769.20","42,942,769.20",Financials,"2,523,022.00",US5404241086,New York Stock Exchange Inc.
LNC,LINCOLN NATIONAL CORP,Equity,0.06,44.33,"965,712.00","42,810,012.96","42,810,012.96",Financials,"2,516,378.00",US5341871094,New York Stock Exchange Inc.
TXT,TEXTRON INC,Equity,0.06,39.37,"1,084,327.00","42,689,953.99","42,689,953.99",Industrials,"2,885,937.00",US8832031012,New York Stock Exchange Inc.
MAS,MASCO CORP,Equity,0.06,31.84,"1,338,389.00","42,614,305.76","42,614,305.76",Industrials,"2,570,200.00",US5745991068,New York Stock Exchange Inc.
CHRW,CH ROBINSON WORLDWIDE INC,Equity,0.06,74.11,"574,130.00","42,548,774.30","42,548,774.30",Industrials,"2,116,228.00",US12541W2098,NASDAQ
BLL,BALL CORP,Equity,0.06,74.88,"566,683.00","42,433,223.04","42,433,223.04",Materials,"2,073,022.00",US0584981064,New York Stock Exchange Inc.
EMN,EASTMAN CHEMICAL,Equity,0.06,71.78,"591,071.00","42,427,076.38","42,427,076.38",Materials,"2,298,386.00",US2774321002,New York Stock Exchange Inc.
SYMC,SYMANTEC CORP,Equity,0.06,17.39,"2,438,876.00","42,412,053.64","42,412,053.64",Information Technology,"2,861,078.00",US8715031089,NASDAQ
HBI,HANESBRANDS INC,Equity,0.06,26.83,"1,566,216.00","42,021,575.28","42,021,575.28",Consumer Discretionary,B1BJSL9,US4103451021,New York Stock Exchange Inc.
CINF,CINCINNATI FINANCIAL CORP,Equity,0.06,70.74,"591,416.00","41,836,767.84","41,836,767.84",Financials,"2,196,888.00",US1720621010,NASDAQ
DHI,D R HORTON INC,Equity,0.06,31.73,"1,316,105.00","41,760,011.65","41,760,011.65",Consumer Discretionary,"2,250,687.00",US23331A1097,New York Stock Exchange Inc.
M,MACYS INC,Equity,0.06,33.60,"1,240,986.00","41,697,129.60","41,697,129.60",Consumer Discretionary,"2,345,022.00",US55616P1049,New York Stock Exchange Inc.
KEY,KEYCORP,Equity,0.06,12.44,"3,341,403.00","41,567,053.32","41,567,053.32",Financials,"2,490,911.00",US4932671088,New York Stock Exchange Inc.
IFF,INTERNATIONAL FLAVORS & FRAGRANCES,Equity,0.06,129.80,"319,367.00","41,453,836.60","41,453,836.60",Materials,"2,464,165.00",US4595061015,New York Stock Exchange Inc.
SCG,SCANA CORP,Equity,0.06,71.67,"571,458.00","40,956,394.86","40,956,394.86",Utilities,"2,545,844.00",US80589M1027,New York Stock Exchange Inc.
WRK,WESTROCK,Equity,0.06,40.30,"1,016,215.00","40,953,464.50","40,953,464.50",Materials,BYR0914,US96145D1054,New York Stock Exchange Inc.
CPGX,COLUMBIA PIPELINE GROUP INC,Equity,0.06,25.54,"1,598,822.00","40,833,913.88","40,833,913.88",Energy,BZ03VL1,US1982801094,New York Stock Exchange Inc.
SLG,SL GREEN REALTY REIT CORP,Equity,0.05,101.48,"400,103.00","40,602,452.44","40,602,452.44",Financials,"2,096,847.00",US78440X1019,New York Stock Exchange Inc.
LKQ,LKQ CORP,Equity,0.05,33.11,"1,225,825.00","40,587,065.75","40,587,065.75",Consumer Discretionary,"2,971,029.00",US5018892084,NASDAQ
KMX,CARMAX INC,Equity,0.05,51.81,"782,689.00","40,551,117.09","40,551,117.09",Consumer Discretionary,"2,983,563.00",US1431301027,New York Stock Exchange Inc.
HRS,HARRIS CORP,Equity,0.05,81.22,"498,536.00","40,491,093.92","40,491,093.92",Information Technology,"2,412,001.00",US4138751056,New York Stock Exchange Inc.
CNP,CENTERPOINT ENERGY INC,Equity,0.05,23.39,"1,720,733.00","40,247,944.87","40,247,944.87",Utilities,"2,440,637.00",US15189T1079,New York Stock Exchange Inc.
BF.B,BROWN FORMAN CORP CLASS B,Equity,0.05,98.89,"401,908.00","39,744,682.12","39,744,682.12",Consumer Staples,"2,146,838.00",US1156372096,New York Stock Exchange Inc.
MAC,MACERICH REIT,Equity,0.05,78.25,"507,005.00","39,673,141.25","39,673,141.25",Financials,"2,543,967.00",US5543821012,New York Stock Exchange Inc.
WU,WESTERN UNION,Equity,0.05,19.64,"2,007,203.00","39,421,466.92","39,421,466.92",Information Technology,B1F76F9,US9598021098,New York Stock Exchange Inc.
AKAM,AKAMAI TECHNOLOGIES INC,Equity,0.05,55.44,"706,977.00","39,194,804.88","39,194,804.88",Information Technology,"2,507,457.00",US00971T1016,NASDAQ
XL,XL GROUP PLC,Equity,0.05,33.58,"1,166,837.00","39,182,386.46","39,182,386.46",Financials,B5LRLL2,IE00B5LRLL25,New York Stock Exchange Inc.
KSU,KANSAS CITY SOUTHERN,Equity,0.05,90.18,"433,876.00","39,126,937.68","39,126,937.68",Industrials,"2,607,647.00",US4851703029,New York Stock Exchange Inc.
HAS,HASBRO INC,Equity,0.05,87.07,"449,202.00","39,112,018.14","39,112,018.14",Consumer Discretionary,"2,414,580.00",US4180561072,NASDAQ
OKE,ONEOK INC,Equity,0.05,46.53,"839,615.00","39,067,285.95","39,067,285.95",Energy,"2,130,109.00",US6826801036,New York Stock Exchange Inc.
CA,CA INC,Equity,0.05,32.93,"1,183,435.00","38,970,514.55","38,970,514.55",Information Technology,"2,214,832.00",US12673P1057,NASDAQ
IPG,INTERPUBLIC GROUP OF COMPANIES INC,Equity,0.05,24.19,"1,608,200.00","38,902,358.00","38,902,358.00",Consumer Discretionary,"2,466,321.00",US4606901001,New York Stock Exchange Inc.
MOS,MOSAIC,Equity,0.05,27.53,"1,409,983.00","38,816,831.99","38,816,831.99",Materials,B3NPHP6,US61945C1036,New York Stock Exchange Inc.
XRX,XEROX CORP,Equity,0.05,10.12,"3,808,785.00","38,544,904.20","38,544,904.20",Information Technology,"2,985,202.00",US9841211033,New York Stock Exchange Inc.
HRL,HORMEL FOODS CORP,Equity,0.05,34.90,"1,080,724.00","37,717,267.60","37,717,267.60",Consumer Staples,"2,437,264.00",US4404521001,New York Stock Exchange Inc.
TSO,TESORO CORP.,Equity,0.05,78.75,"477,180.00","37,577,925.00","37,577,925.00",Energy,"2,884,569.00",US8816091016,New York Stock Exchange Inc.
SNA,SNAP-ON INC.,Equity,0.05,160.35,"232,277.00","37,245,616.95","37,245,616.95",Industrials,"2,818,740.00",US8330341012,New York Stock Exchange Inc.
SEE,SEALED AIR CORP,Equity,0.05,47.19,"783,856.00","36,990,164.64","36,990,164.64",Materials,"2,232,793.00",US81211K1007,New York Stock Exchange Inc.
KORS,MICHAEL KORS HOLDINGS LTD,Equity,0.05,50.74,"718,086.00","36,435,683.64","36,435,683.64",Consumer Discretionary,B7341C6,VGG607541015,New York Stock Exchange Inc.
EXPD,EXPEDITORS INTERNATIONAL OF WASHIN,Equity,0.05,49.98,"728,484.00","36,409,630.32","36,409,630.32",Industrials,"2,325,507.00",US3021301094,NASDAQ
UDR,UDR INC.,Equity,0.05,33.71,"1,068,252.00","36,010,774.92","36,010,774.92",Financials,"2,727,910.00",US9026531049,New York Stock Exchange Inc.
TSS,TOTAL SYSTEM SERVICES INC,Equity,0.05,53.37,"673,788.00","35,960,065.56","35,960,065.56",Information Technology,"2,897,697.00",US8919061098,New York Stock Exchange Inc.
AMG,AFFILIATED MANAGERS GROUP INC,Equity,0.05,166.51,"215,961.00","35,959,666.11","35,959,666.11",Financials,"2,127,899.00",US0082521081,New York Stock Exchange Inc.
IRM,IRON MOUNTAIN INC,Equity,0.05,37.11,"964,138.00","35,779,161.18","35,779,161.18",Financials,BVFTF03,US46284V1017,New York Stock Exchange Inc.
CBG,CBRE GROUP INC,Equity,0.05,30.75,"1,163,424.00","35,775,288.00","35,775,288.00",Financials,B6WVMH3,US12504L1098,New York Stock Exchange Inc.
HOLX,HOLOGIC INC.,Equity,0.05,34.95,"988,461.00","34,546,711.95","34,546,711.95",Health Care,"2,433,530.00",US4364401012,NASDAQ
LEN,LENNAR A CORP,Equity,0.05,47.66,"720,699.00","34,348,514.34","34,348,514.34",Consumer Discretionary,"2,511,920.00",US5260571048,New York Stock Exchange Inc.
SRCL,STERICYCLE INC,Equity,0.05,100.86,"340,040.00","34,296,434.40","34,296,434.40",Industrials,"2,860,826.00",US8589121081,NASDAQ
AJG,ARTHUR J GALLAGHER,Equity,0.05,48.36,"709,001.00","34,287,288.36","34,287,288.36",Financials,"2,359,506.00",US3635761097,New York Stock Exchange Inc.
PNW,PINNACLE WEST CORP,Equity,0.05,77.17,"444,118.00","34,272,586.06","34,272,586.06",Utilities,"2,048,804.00",US7234841010,New York Stock Exchange Inc.
UNM,UNUM GROUP,Equity,0.05,35.69,"955,686.00","34,108,433.34","34,108,433.34",Financials,"2,433,842.00",US91529Y1064,New York Stock Exchange Inc.
BBY,BEST BUY INC,Equity,0.05,30.10,"1,126,879.00","33,919,057.90","33,919,057.90",Consumer Discretionary,"2,094,670.00",US0865161014,New York Stock Exchange Inc.
ALK,ALASKA AIR GROUP INC,Equity,0.05,67.50,"499,950.00","33,746,625.00","33,746,625.00",Industrials,"2,012,605.00",US0116591092,New York Stock Exchange Inc.
CTAS,CINTAS CORP,Equity,0.05,95.54,"350,397.00","33,476,929.38","33,476,929.38",Industrials,"2,197,137.00",US1729081059,NASDAQ
HOG,HARLEY DAVIDSON INC,Equity,0.04,45.15,"736,258.00","33,242,048.70","33,242,048.70",Consumer Discretionary,"2,411,053.00",US4128221086,New York Stock Exchange Inc.
XYL,XYLEM INC,Equity,0.04,46.30,"714,250.00","33,069,775.00","33,069,775.00",Industrials,B3P2CN8,US98419M1009,New York Stock Exchange Inc.
JNPR,JUNIPER NETWORKS INC,Equity,0.04,23.45,"1,408,370.00","33,026,276.50","33,026,276.50",Information Technology,"2,431,846.00",US48203R1041,New York Stock Exchange Inc.
FFIV,F5 NETWORKS INC,Equity,0.04,119.68,"275,171.00","32,932,465.28","32,932,465.28",Information Technology,"2,427,599.00",US3156161024,NASDAQ
WYNN,WYNN RESORTS LTD,Equity,0.04,100.79,"325,795.00","32,836,878.05","32,836,878.05",Consumer Discretionary,"2,963,811.00",US9831341071,NASDAQ
VRSN,VERISIGN INC,Equity,0.04,85.10,"385,443.00","32,801,199.30","32,801,199.30",Information Technology,"2,142,922.00",US92343E1029,NASDAQ
NFX,NEWFIELD EXPLORATION,Equity,0.04,41.27,"792,697.00","32,714,605.19","32,714,605.19",Energy,"2,635,079.00",US6512901082,New York Stock Exchange Inc.
VAR,VARIAN MEDICAL SYSTEMS INC,Equity,0.04,85.57,"382,125.00","32,698,436.25","32,698,436.25",Health Care,"2,927,516.00",US92220P1057,New York Stock Exchange Inc.
HBAN,HUNTINGTON BANCSHARES INC,Equity,0.04,10.17,"3,181,356.00","32,354,390.52","32,354,390.52",Financials,"2,445,966.00",US4461501045,NASDAQ
NI,NISOURCE INC,Equity,0.04,25.02,"1,279,456.00","32,011,989.12","32,011,989.12",Utilities,"2,645,409.00",US65473P1057,New York Stock Exchange Inc.
PVH,PVH CORP,Equity,0.04,97.21,"328,005.00","31,885,366.05","31,885,366.05",Consumer Discretionary,B3V9F12,US6936561009,New York Stock Exchange Inc.
GAS,AGL RESOURCES INC.,Equity,0.04,65.90,"481,667.00","31,741,855.30","31,741,855.30",Utilities,"2,060,961.00",US0012041069,New York Stock Exchange Inc.
CMA,COMERICA INC,Equity,0.04,45.29,"699,808.00","31,694,304.32","31,694,304.32",Financials,"2,212,870.00",US2003401070,New York Stock Exchange Inc.
TRIP,TRIPADVISOR INC,Equity,0.04,69.47,"455,943.00","31,674,360.21","31,674,360.21",Consumer Discretionary,B6ZC3N6,US8969452015,NASDAQ
DRI,DARDEN RESTAURANTS INC,Equity,0.04,68.33,"461,952.00","31,565,180.16","31,565,180.16",Consumer Discretionary,"2,289,874.00",US2371941053,New York Stock Exchange Inc.
RRC,RANGE RESOURCES CORP,Equity,0.04,46.21,"678,442.00","31,350,804.82","31,350,804.82",Energy,"2,523,334.00",US75281A1097,New York Stock Exchange Inc.
CVC,CABLEVISION SYSTEMS CORP CLASS A,Equity,0.04,34.70,"890,459.00","30,898,927.30","30,898,927.30",Consumer Discretionary,"2,162,243.00",US12686C1099,New York Stock Exchange Inc.
WYN,WYNDHAM WORLDWIDE CORP,Equity,0.04,68.38,"450,251.00","30,788,163.38","30,788,163.38",Consumer Discretionary,B198391,US98310W1080,New York Stock Exchange Inc.
FL,FOOT LOCKER INC,Equity,0.04,55.65,"549,547.00","30,582,290.55","30,582,290.55",Consumer Discretionary,"2,980,906.00",US3448491049,New York Stock Exchange Inc.
BWA,BORGWARNER INC,Equity,0.04,34.66,"875,094.00","30,330,758.04","30,330,758.04",Consumer Discretionary,"2,111,955.00",US0997241064,New York Stock Exchange Inc.
AES,AES CORP,Equity,0.04,11.44,"2,640,457.00","30,206,828.08","30,206,828.08",Utilities,"2,002,479.00",US00130H1059,New York Stock Exchange Inc.
NDAQ,NASDAQ INC,Equity,0.04,65.66,"459,153.00","30,147,985.98","30,147,985.98",Financials,"2,965,107.00",US6311031081,NASDAQ
ETFC,E*TRADE FINANCIAL CORP.,Equity,0.04,26.48,"1,131,520.00","29,962,649.60","29,962,649.60",Financials,"2,299,011.00",US2692464017,NASDAQ
FLR,FLUOR CORP,Equity,0.04,53.36,"556,059.00","29,671,308.24","29,671,308.24",Industrials,"2,696,838.00",US3434121022,New York Stock Exchange Inc.
GT,GOODYEAR TIRE & RUBBER,Equity,0.04,27.74,"1,068,780.00","29,647,957.20","29,647,957.20",Consumer Discretionary,"2,378,200.00",US3825501014,NASDAQ
JBHT,JB HUNT TRANSPORT SERVICES INC,Equity,0.04,81.73,"356,562.00","29,141,812.26","29,141,812.26",Industrials,"2,445,416.00",US4456581077,NASDAQ
HP,HELMERICH & PAYNE INC,Equity,0.04,67.24,"432,368.00","29,072,424.32","29,072,424.32",Energy,"2,420,101.00",US4234521015,New York Stock Exchange Inc.
QRVO,QORVO INC,Equity,0.04,56.07,"516,962.00","28,986,059.34","28,986,059.34",Information Technology,BR9YYP4,US74736K1016,NASDAQ
NTAP,NETAPP INC,Equity,0.04,24.90,"1,157,367.00","28,818,438.30","28,818,438.30",Information Technology,"2,630,643.00",US64110D1046,NASDAQ
BBBY,BED BATH AND BEYOND INC,Equity,0.04,44.00,"654,817.00","28,811,948.00","28,811,948.00",Consumer Discretionary,"2,085,878.00",US0758961009,NASDAQ
STX,SEAGATE TECHNOLOGY PLC,Equity,0.04,24.14,"1,186,682.00","28,646,503.48","28,646,503.48",Information Technology,B58JVZ5,IE00B58JVZ52,NASDAQ
SIG,SIGNET JEWELERS LTD,Equity,0.04,89.60,"318,197.00","28,510,451.20","28,510,451.20",Consumer Discretionary,B3CTNK6,BMG812761002,New York Stock Exchange Inc.
KSS,KOHLS CORP,Equity,0.04,37.44,"759,873.00","28,449,645.12","28,449,645.12",Consumer Discretionary,"2,496,113.00",US5002551043,New York Stock Exchange Inc.
UA,UNDER ARMOUR A INC,Equity,0.04,38.66,"728,210.00","28,152,598.60","28,152,598.60",Consumer Discretionary,B0PZN11,US9043111072,New York Stock Exchange Inc.
MNK,MALLINCKRODT PLC,Equity,0.04,62.53,"447,932.00","28,009,187.96","28,009,187.96",Health Care,BBJTYC4,IE00BBGT3753,New York Stock Exchange Inc.
TIF,TIFFANY,Equity,0.04,62.52,"446,429.00","27,910,741.08","27,910,741.08",Consumer Discretionary,"2,892,090.00",US8865471085,New York Stock Exchange Inc.
CF,CF INDUSTRIES HOLDINGS INC,Equity,0.04,29.79,"933,175.00","27,799,283.25","27,799,283.25",Materials,B0G4K50,US1252691001,New York Stock Exchange Inc.
LEG,LEGGETT & PLATT INC,Equity,0.04,50.87,"543,264.00","27,635,839.68","27,635,839.68",Consumer Discretionary,"2,510,682.00",US5246601075,New York Stock Exchange Inc.
AVY,AVERY DENNISON CORP,Equity,0.04,76.57,"357,878.00","27,402,718.46","27,402,718.46",Materials,"2,066,408.00",US0536111091,New York Stock Exchange Inc.
TMK,TORCHMARK CORP,Equity,0.04,60.64,"451,311.00","27,367,499.04","27,367,499.04",Financials,"2,896,713.00",US8910271043,New York Stock Exchange Inc.
FLS,FLOWSERVE CORP,Equity,0.04,52.27,"520,998.00","27,232,565.46","27,232,565.46",Industrials,"2,288,406.00",US34354P1057,New York Stock Exchange Inc.
URI,UNITED RENTALS INC,Equity,0.04,74.11,"364,145.00","26,986,785.95","26,986,785.95",Industrials,"2,134,781.00",US9113631090,New York Stock Exchange Inc.
FMC,FMC CORP,Equity,0.04,50.35,"534,702.00","26,922,245.70","26,922,245.70",Materials,"2,328,603.00",US3024913036,New York Stock Exchange Inc.
ALLE,ALLEGION PLC,Equity,0.04,68.98,"384,577.00","26,528,121.46","26,528,121.46",Industrials,BFRT3W7,IE00BFRT3W74,New York Stock Exchange Inc.
UAC/C,UNDER ARMOUR INC CLASS C,Equity,0.04,36.14,"728,041.00","26,311,401.74","26,311,401.74",Consumer Discretionary,BDF9YM2,US9043112062,New York Stock Exchange Inc.
TE,TECO ENERGY INC,Equity,0.04,27.69,"942,641.00","26,101,729.29","26,101,729.29",Utilities,"2,880,255.00",US8723751009,New York Stock Exchange Inc.
JEC,JACOBS ENGINEERING GROUP INC,Equity,0.03,52.51,"490,760.00","25,769,807.60","25,769,807.60",Industrials,"2,469,052.00",US4698141078,New York Stock Exchange Inc.
FTI,FMC TECHNOLOGIES INC,Equity,0.03,28.27,"908,518.00","25,683,803.86","25,683,803.86",Energy,"2,763,561.00",US30249U1016,New York Stock Exchange Inc.
AIV,APARTMENT INVESTMENT & MANAGEMENT,Equity,0.03,40.92,"626,674.00","25,643,500.08","25,643,500.08",Financials,"2,057,059.00",US03748R1014,New York Stock Exchange Inc.
DISCK,DISCOVERY COMMUNICATIONS-C,Equity,0.03,26.29,"952,588.00","25,043,538.52","25,043,538.52",Consumer Discretionary,B3D7KG4,US25470F3029,NASDAQ
PHM,PULTEGROUP INC,Equity,0.03,19.58,"1,272,516.00","24,915,863.28","24,915,863.28",Consumer Discretionary,"2,708,841.00",US7458671010,New York Stock Exchange Inc.
SNI,SCRIPPS NETWORKS INTERACTIVE INC C,Equity,0.03,64.86,"379,751.00","24,630,649.86","24,630,649.86",Consumer Discretionary,B39QT24,US8110651010,NASDAQ
FTR,FRONTIER COMMUNICATIONS CORP,Equity,0.03,5.12,"4,676,045.00","23,941,350.40","23,941,350.40",Telecommunications,"2,197,933.00",US35906A1088,NASDAQ
PKI,PERKINELMER INC.,Equity,0.03,54.29,"439,177.00","23,842,919.33","23,842,919.33",Health Care,"2,305,844.00",US7140461093,New York Stock Exchange Inc.
LUK,LEUCADIA NATIONAL CORP,Equity,0.03,17.69,"1,334,736.00","23,611,479.84","23,611,479.84",Financials,"2,513,012.00",US5272881047,New York Stock Exchange Inc.
ZION,ZIONS BANCORPORATION,Equity,0.03,28.70,"818,467.00","23,490,002.90","23,490,002.90",Financials,"2,989,828.00",US9897011071,NASDAQ
SWN,SOUTHWESTERN ENERGY,Equity,0.03,14.74,"1,562,711.00","23,034,360.14","23,034,360.14",Energy,"2,828,619.00",US8454671095,New York Stock Exchange Inc.
HAR,HARMAN INTERNATIONAL INDUSTRIES IN,Equity,0.03,79.45,"284,990.00","22,642,455.50","22,642,455.50",Consumer Discretionary,"2,411,138.00",US4130861093,New York Stock Exchange Inc.
SPLS,STAPLES INC,Equity,0.03,8.75,"2,586,422.00","22,631,192.50","22,631,192.50",Consumer Discretionary,"2,841,489.00",US8550301027,NASDAQ
RL,RALPH LAUREN CORPORATION,Equity,0.03,96.18,"232,857.00","22,396,186.26","22,396,186.26",Consumer Discretionary,B4V9661,US7512121010,New York Stock Exchange Inc.
AIZ,ASSURANT INC,Equity,0.03,85.04,"259,123.00","22,035,819.92","22,035,819.92",Financials,"2,331,430.00",US04621X1081,New York Stock Exchange Inc.
RHI,ROBERT HALF,Equity,0.03,40.99,"525,238.00","21,529,505.62","21,529,505.62",Industrials,"2,110,703.00",US7703231032,New York Stock Exchange Inc.
NRG,NRG ENERGY INC,Equity,0.03,16.59,"1,259,397.00","20,893,396.23","20,893,396.23",Utilities,"2,212,922.00",US6293775085,New York Stock Exchange Inc.
MUR,MURPHY OIL CORP,Equity,0.03,31.81,"646,677.00","20,570,795.37","20,570,795.37",Energy,"2,611,206.00",US6267171022,New York Stock Exchange Inc.
GRMN,GARMIN LTD,Equity,0.03,43.24,"471,555.00","20,390,038.20","20,390,038.20",Consumer Discretionary,B3Z5T14,CH0114405324,NASDAQ
HRB,H&R BLOCK INC,Equity,0.03,21.54,"945,484.00","20,365,725.36","20,365,725.36",Consumer Discretionary,"2,105,505.00",US0936711052,New York Stock Exchange Inc.
JWN,NORDSTROM INC,Equity,0.03,39.57,"514,738.00","20,368,182.66","20,368,182.66",Consumer Discretionary,"2,641,827.00",US6556641008,New York Stock Exchange Inc.
TGNA,TEGNA INC,Equity,0.03,22.50,"880,766.00","19,817,235.00","19,817,235.00",Consumer Discretionary,BZ0P3Z5,US87901J1051,New York Stock Exchange Inc.
PBCT,PEOPLES UNITED FINANCIAL INC,Equity,0.03,15.74,"1,242,993.00","19,564,709.82","19,564,709.82",Financials,B1W41J2,US7127041058,NASDAQ
DNB,DUN & BRADSTREET CORP,Equity,0.02,127.43,"144,993.00","18,476,457.99","18,476,457.99",Industrials,"2,636,254.00",US26483E1001,New York Stock Exchange Inc.
NAVI,NAVIENT CORP,Equity,0.02,13.21,"1,371,875.00","18,122,468.75","18,122,468.75",Financials,BLP5GX1,US63938C1080,NASDAQ
NWSA,NEWS CORP CLASS A,Equity,0.02,11.69,"1,523,883.00","17,814,192.27","17,814,192.27",Consumer Discretionary,BBGVT40,US65249B1098,NASDAQ
GPS,GAP INC,Equity,0.02,19.31,"908,004.00","17,533,557.24","17,533,557.24",Consumer Discretionary,"2,360,326.00",US3647601083,New York Stock Exchange Inc.
FLIR,FLIR SYSTEMS INC,Equity,0.02,31.41,"551,589.00","17,325,410.49","17,325,410.49",Information Technology,"2,344,717.00",US3024451011,NASDAQ
PDCO,PATTERSON COMPANIES INC,Equity,0.02,50.32,"334,911.00","16,852,721.52","16,852,721.52",Health Care,"2,672,689.00",US7033951036,NASDAQ
DISCA,DISCOVERY COMMUNICATIONS-A,Equity,0.02,27.33,"600,875.00","16,421,913.75","16,421,913.75",Consumer Discretionary,B3D7K31,US25470F1049,NASDAQ
RIG,TRANSOCEAN LTD,Equity,0.02,11.47,"1,370,529.00","15,719,967.63","15,719,967.63",Energy,B3KFWW1,CH0048265513,New York Stock Exchange Inc.
FSLR,FIRST SOLAR INC,Equity,0.02,50.45,"306,128.00","15,444,157.60","15,444,157.60",Information Technology,B1HMF22,US3364331070,NASDAQ
TDC,TERADATA CORP,Equity,0.02,28.64,"533,942.00","15,292,098.88","15,292,098.88",Information Technology,B247H10,US88076W1036,New York Stock Exchange Inc.
AN,AUTONATION INC,Equity,0.02,50.34,"296,244.00","14,912,922.96","14,912,922.96",Consumer Discretionary,"2,732,635.00",US05329W1027,New York Stock Exchange Inc.
ENDP,ENDO INTERNATIONAL PLC,Equity,0.02,18.00,"820,769.00","14,773,842.00","14,773,842.00",Health Care,BJ3V905,IE00BJ3V9050,NASDAQ
PWR,QUANTA SERVICES INC.,Equity,0.02,24.10,"604,011.00","14,556,665.10","14,556,665.10",Industrials,"2,150,204.00",US74762E1029,New York Stock Exchange Inc.
R,RYDER SYSTEM INC,Equity,0.02,67.66,"214,302.00","14,499,673.32","14,499,673.32",Industrials,"2,760,669.00",US7835491082,New York Stock Exchange Inc.
PBI,PITNEY BOWES INC,Equity,0.02,18.87,"767,509.00","14,482,894.83","14,482,894.83",Industrials,"2,690,506.00",US7244791007,New York Stock Exchange Inc.
LM,LEGG MASON INC,Equity,0.02,33.26,"432,507.00","14,385,182.82","14,385,182.82",Financials,"2,510,615.00",US5249011058,New York Stock Exchange Inc.
CSRA,CSRA INC,Equity,0.02,23.80,"543,482.00","12,934,871.60","12,934,871.60",Information Technology,BYQKXC4,US12650T1043,New York Stock Exchange Inc.
OI,OWENS ILLINOIS INC,Equity,0.02,19.92,"644,338.00","12,835,212.96","12,835,212.96",Materials,"2,662,862.00",US6907684038,New York Stock Exchange Inc.
CHK,CHESAPEAKE ENERGY CORP,Equity,0.01,4.88,"2,076,936.00","10,135,447.68","10,135,447.68",Energy,"2,182,779.00",US1651671075,New York Stock Exchange Inc.
UBFUT,CASH COLLATERAL USD UBFUT,Cash Collateral and Margins,0.01,100.00,"10,042,800.00","10,042,800.00","10,042,800.00",Cash and/or Derivatives,--,--,--
URBN,URBAN OUTFITTERS INC,Equity,0.01,27.93,"345,917.00","9,661,461.81","9,661,461.81",Consumer Discretionary,"2,933,438.00",US9170471026,NASDAQ
DO,DIAMOND OFFSHORE DRILLING INC,Equity,0.01,25.48,"259,699.00","6,617,130.52","6,617,130.52",Energy,"2,261,021.00",US25271C1027,New York Stock Exchange Inc.
NWS,NEWS CORP CLASS B,Equity,0.01,12.13,"427,784.00","5,189,019.92","5,189,019.92",Consumer Discretionary,BBGVT51,US65249B2088,NASDAQ
ESU6,S&P500 EMINI SEP 16,Futures,0.00,"2,105.20","2,691.00",0.00,"283,254,660.00",Cash and/or Derivatives,--,--,Index And Options Market